DATAFLOW,LAST UPDATE,freq,citizen,sex,unit,age,geo,TIME_PERIOD,OBS_VALUE,OBS_FLAG
ESTAT:TPS00194(1.0),05/12/22 23:00:00,A,EXT_EU27_2020,T,PER,TOTAL,AT,2008,695,
ESTAT:TPS00194(1.0),05/12/22 23:00:00,A,EXT_EU27_2020,T,PER,TOTAL,AT,2009,1040,
ESTAT:TPS00194(1.0),05/12/22 23:00:00,A,EXT_EU27_2020,T,PER,TOTAL,AT,2010,600,
ESTAT:TPS00194(1.0),05/12/22 23:00:00,A,EXT_EU27_2020,T,PER,TOTAL,AT,2011,1005,
ESTAT:TPS00194(1.0),05/12/22 23:00:00,A,EXT_EU27_2020,T,PER,TOTAL,AT,2012,1375,
ESTAT:TPS00194(1.0),05/12/22 23:00:00,A,EXT_EU27_2020,T,PER,TOTAL,AT,2013,935,
ESTAT:TPS00194(1.0),05/12/22 23:00:00,A,EXT_EU27_2020,T,PER,TOTAL,AT,2014,1975,
ESTAT:TPS00194(1.0),05/12/22 23:00:00,A,EXT_EU27_2020,T,PER,TOTAL,AT,2015,8275,
ESTAT:TPS00194(1.0),05/12/22 23:00:00,A,EXT_EU27_2020,T,PER,TOTAL,AT,2016,3900,
ESTAT:TPS00194(1.0),05/12/22 23:00:00,A,EXT_EU27_2020,T,PER,TOTAL,AT,2017,1350,
ESTAT:TPS00194(1.0),05/12/22 23:00:00,A,EXT_EU27_2020,T,PER,TOTAL,AT,2018,390,
ESTAT:TPS00194(1.0),05/12/22 23:00:00,A,EXT_EU27_2020,T,PER,TOTAL,AT,2019,860,
ESTAT:TPS00194(1.0),05/12/22 23:00:00,A,EXT_EU27_2020,T,PER,TOTAL,AT,2020,1370,
ESTAT:TPS00194(1.0),05/12/22 23:00:00,A,EXT_EU27_2020,T,PER,TOTAL,AT,2021,5605,
ESTAT:TPS00194(1.0),05/12/22 23:00:00,A,EXT_EU27_2020,T,PER,TOTAL,BE,2008,470,
ESTAT:TPS00194(1.0),05/12/22 23:00:00,A,EXT_EU27_2020,T,PER,TOTAL,BE,2009,705,
ESTAT:TPS00194(1.0),05/12/22 23:00:00,A,EXT_EU27_2020,T,PER,TOTAL,BE,2010,860,
ESTAT:TPS00194(1.0),05/12/22 23:00:00,A,EXT_EU27_2020,T,PER,TOTAL,BE,2011,1385,
ESTAT:TPS00194(1.0),05/12/22 23:00:00,A,EXT_EU27_2020,T,PER,TOTAL,BE,2012,975,
ESTAT:TPS00194(1.0),05/12/22 23:00:00,A,EXT_EU27_2020,T,PER,TOTAL,BE,2013,415,
ESTAT:TPS00194(1.0),05/12/22 23:00:00,A,EXT_EU27_2020,T,PER,TOTAL,BE,2014,470,
ESTAT:TPS00194(1.0),05/12/22 23:00:00,A,EXT_EU27_2020,T,PER,TOTAL,BE,2015,2545,
ESTAT:TPS00194(1.0),05/12/22 23:00:00,A,EXT_EU27_2020,T,PER,TOTAL,BE,2016,1020,
ESTAT:TPS00194(1.0),05/12/22 23:00:00,A,EXT_EU27_2020,T,PER,TOTAL,BE,2017,735,
ESTAT:TPS00194(1.0),05/12/22 23:00:00,A,EXT_EU27_2020,T,PER,TOTAL,BE,2018,750,
ESTAT:TPS00194(1.0),05/12/22 23:00:00,A,EXT_EU27_2020,T,PER,TOTAL,BE,2019,1220,
ESTAT:TPS00194(1.0),05/12/22 23:00:00,A,EXT_EU27_2020,T,PER,TOTAL,BE,2020,1210,
ESTAT:TPS00194(1.0),05/12/22 23:00:00,A,EXT_EU27_2020,T,PER,TOTAL,BE,2021,1780,
ESTAT:TPS00194(1.0),05/12/22 23:00:00,A,EXT_EU27_2020,T,PER,TOTAL,BG,2008,15,
ESTAT:TPS00194(1.0),05/12/22 23:00:00,A,EXT_EU27_2020,T,PER,TOTAL,BG,2009,10,
ESTAT:TPS00194(1.0),05/12/22 23:00:00,A,EXT_EU27_2020,T,PER,TOTAL,BG,2010,20,
ESTAT:TPS00194(1.0),05/12/22 23:00:00,A,EXT_EU27_2020,T,PER,TOTAL,BG,2011,25,
ESTAT:TPS00194(1.0),05/12/22 23:00:00,A,EXT_EU27_2020,T,PER,TOTAL,BG,2012,60,
ESTAT:TPS00194(1.0),05/12/22 23:00:00,A,EXT_EU27_2020,T,PER,TOTAL,BG,2013,185,
ESTAT:TPS00194(1.0),05/12/22 23:00:00,A,EXT_EU27_2020,T,PER,TOTAL,BG,2014,940,
ESTAT:TPS00194(1.0),05/12/22 23:00:00,A,EXT_EU27_2020,T,PER,TOTAL,BG,2015,1815,
ESTAT:TPS00194(1.0),05/12/22 23:00:00,A,EXT_EU27_2020,T,PER,TOTAL,BG,2016,2750,
ESTAT:TPS00194(1.0),05/12/22 23:00:00,A,EXT_EU27_2020,T,PER,TOTAL,BG,2017,440,
ESTAT:TPS00194(1.0),05/12/22 23:00:00,A,EXT_EU27_2020,T,PER,TOTAL,BG,2018,480,
ESTAT:TPS00194(1.0),05/12/22 23:00:00,A,EXT_EU27_2020,T,PER,TOTAL,BG,2019,525,
ESTAT:TPS00194(1.0),05/12/22 23:00:00,A,EXT_EU27_2020,T,PER,TOTAL,BG,2020,800,
ESTAT:TPS00194(1.0),05/12/22 23:00:00,A,EXT_EU27_2020,T,PER,TOTAL,BG,2021,3170,
ESTAT:TPS00194(1.0),05/12/22 23:00:00,A,EXT_EU27_2020,T,PER,TOTAL,CH,2008,595,
ESTAT:TPS00194(1.0),05/12/22 23:00:00,A,EXT_EU27_2020,T,PER,TOTAL,CH,2009,415,
ESTAT:TPS00194(1.0),05/12/22 23:00:00,A,EXT_EU27_2020,T,PER,TOTAL,CH,2010,220,
ESTAT:TPS00194(1.0),05/12/22 23:00:00,A,EXT_EU27_2020,T,PER,TOTAL,CH,2011,310,
ESTAT:TPS00194(1.0),05/12/22 23:00:00,A,EXT_EU27_2020,T,PER,TOTAL,CH,2012,495,
ESTAT:TPS00194(1.0),05/12/22 23:00:00,A,EXT_EU27_2020,T,PER,TOTAL,CH,2013,355,
ESTAT:TPS00194(1.0),05/12/22 23:00:00,A,EXT_EU27_2020,T,PER,TOTAL,CH,2014,775,
ESTAT:TPS00194(1.0),05/12/22 23:00:00,A,EXT_EU27_2020,T,PER,TOTAL,CH,2015,2670,
ESTAT:TPS00194(1.0),05/12/22 23:00:00,A,EXT_EU27_2020,T,PER,TOTAL,CH,2016,1985,
ESTAT:TPS00194(1.0),05/12/22 23:00:00,A,EXT_EU27_2020,T,PER,TOTAL,CH,2017,765,
ESTAT:TPS00194(1.0),05/12/22 23:00:00,A,EXT_EU27_2020,T,PER,TOTAL,CH,2018,435,
ESTAT:TPS00194(1.0),05/12/22 23:00:00,A,EXT_EU27_2020,T,PER,TOTAL,CH,2019,490,
ESTAT:TPS00194(1.0),05/12/22 23:00:00,A,EXT_EU27_2020,T,PER,TOTAL,CH,2020,600,
ESTAT:TPS00194(1.0),05/12/22 23:00:00,A,EXT_EU27_2020,T,PER,TOTAL,CH,2021,1100,
ESTAT:TPS00194(1.0),05/12/22 23:00:00,A,EXT_EU27_2020,T,PER,TOTAL,CY,2008,70,
ESTAT:TPS00194(1.0),05/12/22 23:00:00,A,EXT_EU27_2020,T,PER,TOTAL,CY,2009,20,
ESTAT:TPS00194(1.0),05/12/22 23:00:00,A,EXT_EU27_2020,T,PER,TOTAL,CY,2010,35,
ESTAT:TPS00194(1.0),05/12/22 23:00:00,A,EXT_EU27_2020,T,PER,TOTAL,CY,2011,15,
ESTAT:TPS00194(1.0),05/12/22 23:00:00,A,EXT_EU27_2020,T,PER,TOTAL,CY,2012,25,
ESTAT:TPS00194(1.0),05/12/22 23:00:00,A,EXT_EU27_2020,T,PER,TOTAL,CY,2013,55,
ESTAT:TPS00194(1.0),05/12/22 23:00:00,A,EXT_EU27_2020,T,PER,TOTAL,CY,2014,50,
ESTAT:TPS00194(1.0),05/12/22 23:00:00,A,EXT_EU27_2020,T,PER,TOTAL,CY,2015,105,
ESTAT:TPS00194(1.0),05/12/22 23:00:00,A,EXT_EU27_2020,T,PER,TOTAL,CY,2016,215,
ESTAT:TPS00194(1.0),05/12/22 23:00:00,A,EXT_EU27_2020,T,PER,TOTAL,CY,2017,225,
ESTAT:TPS00194(1.0),05/12/22 23:00:00,A,EXT_EU27_2020,T,PER,TOTAL,CY,2018,260,
ESTAT:TPS00194(1.0),05/12/22 23:00:00,A,EXT_EU27_2020,T,PER,TOTAL,CY,2019,565,
ESTAT:TPS00194(1.0),05/12/22 23:00:00,A,EXT_EU27_2020,T,PER,TOTAL,CY,2020,190,
ESTAT:TPS00194(1.0),05/12/22 23:00:00,A,EXT_EU27_2020,T,PER,TOTAL,CY,2021,395,
ESTAT:TPS00194(1.0),05/12/22 23:00:00,A,EXT_EU27_2020,T,PER,TOTAL,CZ,2008,35,
ESTAT:TPS00194(1.0),05/12/22 23:00:00,A,EXT_EU27_2020,T,PER,TOTAL,CZ,2009,10,
ESTAT:TPS00194(1.0),05/12/22 23:00:00,A,EXT_EU27_2020,T,PER,TOTAL,CZ,2010,5,
ESTAT:TPS00194(1.0),05/12/22 23:00:00,A,EXT_EU27_2020,T,PER,TOTAL,CZ,2011,10,
ESTAT:TPS00194(1.0),05/12/22 23:00:00,A,EXT_EU27_2020,T,PER,TOTAL,CZ,2012,5,
ESTAT:TPS00194(1.0),05/12/22 23:00:00,A,EXT_EU27_2020,T,PER,TOTAL,CZ,2013,0,
ESTAT:TPS00194(1.0),05/12/22 23:00:00,A,EXT_EU27_2020,T,PER,TOTAL,CZ,2014,5,
ESTAT:TPS00194(1.0),05/12/22 23:00:00,A,EXT_EU27_2020,T,PER,TOTAL,CZ,2015,15,
ESTAT:TPS00194(1.0),05/12/22 23:00:00,A,EXT_EU27_2020,T,PER,TOTAL,CZ,2016,5,
ESTAT:TPS00194(1.0),05/12/22 23:00:00,A,EXT_EU27_2020,T,PER,TOTAL,CZ,2017,5,
ESTAT:TPS00194(1.0),05/12/22 23:00:00,A,EXT_EU27_2020,T,PER,TOTAL,CZ,2018,10,
ESTAT:TPS00194(1.0),05/12/22 23:00:00,A,EXT_EU27_2020,T,PER,TOTAL,CZ,2019,10,
ESTAT:TPS00194(1.0),05/12/22 23:00:00,A,EXT_EU27_2020,T,PER,TOTAL,CZ,2020,0,
ESTAT:TPS00194(1.0),05/12/22 23:00:00,A,EXT_EU27_2020,T,PER,TOTAL,CZ,2021,0,
ESTAT:TPS00194(1.0),05/12/22 23:00:00,A,EXT_EU27_2020,T,PER,TOTAL,DE,2008,765,
ESTAT:TPS00194(1.0),05/12/22 23:00:00,A,EXT_EU27_2020,T,PER,TOTAL,DE,2009,1305,
ESTAT:TPS00194(1.0),05/12/22 23:00:00,A,EXT_EU27_2020,T,PER,TOTAL,DE,2010,1950,
ESTAT:TPS00194(1.0),05/12/22 23:00:00,A,EXT_EU27_2020,T,PER,TOTAL,DE,2011,2125,
ESTAT:TPS00194(1.0),05/12/22 23:00:00,A,EXT_EU27_2020,T,PER,TOTAL,DE,2012,2095,
ESTAT:TPS00194(1.0),05/12/22 23:00:00,A,EXT_EU27_2020,T,PER,TOTAL,DE,2013,2485,
ESTAT:TPS00194(1.0),05/12/22 23:00:00,A,EXT_EU27_2020,T,PER,TOTAL,DE,2014,4400,
ESTAT:TPS00194(1.0),05/12/22 23:00:00,A,EXT_EU27_2020,T,PER,TOTAL,DE,2015,22255,
ESTAT:TPS00194(1.0),05/12/22 23:00:00,A,EXT_EU27_2020,T,PER,TOTAL,DE,2016,35935,
ESTAT:TPS00194(1.0),05/12/22 23:00:00,A,EXT_EU27_2020,T,PER,TOTAL,DE,2017,9085,
ESTAT:TPS00194(1.0),05/12/22 23:00:00,A,EXT_EU27_2020,T,PER,TOTAL,DE,2018,4085,
ESTAT:TPS00194(1.0),05/12/22 23:00:00,A,EXT_EU27_2020,T,PER,TOTAL,DE,2019,2690,
ESTAT:TPS00194(1.0),05/12/22 23:00:00,A,EXT_EU27_2020,T,PER,TOTAL,DE,2020,2230,
ESTAT:TPS00194(1.0),05/12/22 23:00:00,A,EXT_EU27_2020,T,PER,TOTAL,DE,2021,3250,
ESTAT:TPS00194(1.0),05/12/22 23:00:00,A,EXT_EU27_2020,T,PER,TOTAL,DK,2008,300,
ESTAT:TPS00194(1.0),05/12/22 23:00:00,A,EXT_EU27_2020,T,PER,TOTAL,DK,2009,520,
ESTAT:TPS00194(1.0),05/12/22 23:00:00,A,EXT_EU27_2020,T,PER,TOTAL,DK,2010,410,
ESTAT:TPS00194(1.0),05/12/22 23:00:00,A,EXT_EU27_2020,T,PER,TOTAL,DK,2011,270,
ESTAT:TPS00194(1.0),05/12/22 23:00:00,A,EXT_EU27_2020,T,PER,TOTAL,DK,2012,355,
ESTAT:TPS00194(1.0),05/12/22 23:00:00,A,EXT_EU27_2020,T,PER,TOTAL,DK,2013,350,
ESTAT:TPS00194(1.0),05/12/22 23:00:00,A,EXT_EU27_2020,T,PER,TOTAL,DK,2014,815,
ESTAT:TPS00194(1.0),05/12/22 23:00:00,A,EXT_EU27_2020,T,PER,TOTAL,DK,2015,2125,
ESTAT:TPS00194(1.0),05/12/22 23:00:00,A,EXT_EU27_2020,T,PER,TOTAL,DK,2016,1185,
ESTAT:TPS00194(1.0),05/12/22 23:00:00,A,EXT_EU27_2020,T,PER,TOTAL,DK,2017,460,
ESTAT:TPS00194(1.0),05/12/22 23:00:00,A,EXT_EU27_2020,T,PER,TOTAL,DK,2018,240,
ESTAT:TPS00194(1.0),05/12/22 23:00:00,A,EXT_EU27_2020,T,PER,TOTAL,DK,2019,195,
ESTAT:TPS00194(1.0),05/12/22 23:00:00,A,EXT_EU27_2020,T,PER,TOTAL,DK,2020,145,
ESTAT:TPS00194(1.0),05/12/22 23:00:00,A,EXT_EU27_2020,T,PER,TOTAL,DK,2021,115,
ESTAT:TPS00194(1.0),05/12/22 23:00:00,A,EXT_EU27_2020,T,PER,TOTAL,EE,2008,0,
ESTAT:TPS00194(1.0),05/12/22 23:00:00,A,EXT_EU27_2020,T,PER,TOTAL,EE,2009,0,
ESTAT:TPS00194(1.0),05/12/22 23:00:00,A,EXT_EU27_2020,T,PER,TOTAL,EE,2010,0,
ESTAT:TPS00194(1.0),05/12/22 23:00:00,A,EXT_EU27_2020,T,PER,TOTAL,EE,2011,0,
ESTAT:TPS00194(1.0),05/12/22 23:00:00,A,EXT_EU27_2020,T,PER,TOTAL,EE,2012,0,
ESTAT:TPS00194(1.0),05/12/22 23:00:00,A,EXT_EU27_2020,T,PER,TOTAL,EE,2013,5,
ESTAT:TPS00194(1.0),05/12/22 23:00:00,A,EXT_EU27_2020,T,PER,TOTAL,EE,2014,0,
ESTAT:TPS00194(1.0),05/12/22 23:00:00,A,EXT_EU27_2020,T,PER,TOTAL,EE,2015,0,
ESTAT:TPS00194(1.0),05/12/22 23:00:00,A,EXT_EU27_2020,T,PER,TOTAL,EE,2016,0,
ESTAT:TPS00194(1.0),05/12/22 23:00:00,A,EXT_EU27_2020,T,PER,TOTAL,EE,2017,0,
ESTAT:TPS00194(1.0),05/12/22 23:00:00,A,EXT_EU27_2020,T,PER,TOTAL,EE,2018,0,
ESTAT:TPS00194(1.0),05/12/22 23:00:00,A,EXT_EU27_2020,T,PER,TOTAL,EE,2019,0,
ESTAT:TPS00194(1.0),05/12/22 23:00:00,A,EXT_EU27_2020,T,PER,TOTAL,EE,2020,0,
ESTAT:TPS00194(1.0),05/12/22 23:00:00,A,EXT_EU27_2020,T,PER,TOTAL,EE,2021,0,
ESTAT:TPS00194(1.0),05/12/22 23:00:00,A,EXT_EU27_2020,T,PER,TOTAL,EL,2008,295,
ESTAT:TPS00194(1.0),05/12/22 23:00:00,A,EXT_EU27_2020,T,PER,TOTAL,EL,2009,40,
ESTAT:TPS00194(1.0),05/12/22 23:00:00,A,EXT_EU27_2020,T,PER,TOTAL,EL,2010,145,
ESTAT:TPS00194(1.0),05/12/22 23:00:00,A,EXT_EU27_2020,T,PER,TOTAL,EL,2011,60,
ESTAT:TPS00194(1.0),05/12/22 23:00:00,A,EXT_EU27_2020,T,PER,TOTAL,EL,2012,75,
ESTAT:TPS00194(1.0),05/12/22 23:00:00,A,EXT_EU27_2020,T,PER,TOTAL,EL,2013,325,
ESTAT:TPS00194(1.0),05/12/22 23:00:00,A,EXT_EU27_2020,T,PER,TOTAL,EL,2014,440,
ESTAT:TPS00194(1.0),05/12/22 23:00:00,A,EXT_EU27_2020,T,PER,TOTAL,EL,2015,420,
ESTAT:TPS00194(1.0),05/12/22 23:00:00,A,EXT_EU27_2020,T,PER,TOTAL,EL,2016,2350,
ESTAT:TPS00194(1.0),05/12/22 23:00:00,A,EXT_EU27_2020,T,PER,TOTAL,EL,2017,2455,
ESTAT:TPS00194(1.0),05/12/22 23:00:00,A,EXT_EU27_2020,T,PER,TOTAL,EL,2018,2640,
ESTAT:TPS00194(1.0),05/12/22 23:00:00,A,EXT_EU27_2020,T,PER,TOTAL,EL,2019,3330,
ESTAT:TPS00194(1.0),05/12/22 23:00:00,A,EXT_EU27_2020,T,PER,TOTAL,EL,2020,2800,
ESTAT:TPS00194(1.0),05/12/22 23:00:00,A,EXT_EU27_2020,T,PER,TOTAL,EL,2021,2275,
ESTAT:TPS00194(1.0),05/12/22 23:00:00,A,EXT_EU27_2020,T,PER,TOTAL,ES,2008,10,
ESTAT:TPS00194(1.0),05/12/22 23:00:00,A,EXT_EU27_2020,T,PER,TOTAL,ES,2009,20,
ESTAT:TPS00194(1.0),05/12/22 23:00:00,A,EXT_EU27_2020,T,PER,TOTAL,ES,2010,15,
ESTAT:TPS00194(1.0),05/12/22 23:00:00,A,EXT_EU27_2020,T,PER,TOTAL,ES,2011,10,
ESTAT:TPS00194(1.0),05/12/22 23:00:00,A,EXT_EU27_2020,T,PER,TOTAL,ES,2012,15,
ESTAT:TPS00194(1.0),05/12/22 23:00:00,A,EXT_EU27_2020,T,PER,TOTAL,ES,2013,10,
ESTAT:TPS00194(1.0),05/12/22 23:00:00,A,EXT_EU27_2020,T,PER,TOTAL,ES,2014,15,
ESTAT:TPS00194(1.0),05/12/22 23:00:00,A,EXT_EU27_2020,T,PER,TOTAL,ES,2015,25,
ESTAT:TPS00194(1.0),05/12/22 23:00:00,A,EXT_EU27_2020,T,PER,TOTAL,ES,2016,30,
ESTAT:TPS00194(1.0),05/12/22 23:00:00,A,EXT_EU27_2020,T,PER,TOTAL,ES,2017,20,
ESTAT:TPS00194(1.0),05/12/22 23:00:00,A,EXT_EU27_2020,T,PER,TOTAL,ES,2018,75,
ESTAT:TPS00194(1.0),05/12/22 23:00:00,A,EXT_EU27_2020,T,PER,TOTAL,ES,2019,100,
ESTAT:TPS00194(1.0),05/12/22 23:00:00,A,EXT_EU27_2020,T,PER,TOTAL,ES,2020,45,
ESTAT:TPS00194(1.0),05/12/22 23:00:00,A,EXT_EU27_2020,T,PER,TOTAL,ES,2021,45,
ESTAT:TPS00194(1.0),05/12/22 23:00:00,A,EXT_EU27_2020,T,PER,TOTAL,EU27_2020,2012,11420,
ESTAT:TPS00194(1.0),05/12/22 23:00:00,A,EXT_EU27_2020,T,PER,TOTAL,EU27_2020,2013,11460,
ESTAT:TPS00194(1.0),05/12/22 23:00:00,A,EXT_EU27_2020,T,PER,TOTAL,EU27_2020,2014,21205,
ESTAT:TPS00194(1.0),05/12/22 23:00:00,A,EXT_EU27_2020,T,PER,TOTAL,EU27_2020,2015,91955,
ESTAT:TPS00194(1.0),05/12/22 23:00:00,A,EXT_EU27_2020,T,PER,TOTAL,EU27_2020,2016,60075,
ESTAT:TPS00194(1.0),05/12/22 23:00:00,A,EXT_EU27_2020,T,PER,TOTAL,EU27_2020,2017,29195,
ESTAT:TPS00194(1.0),05/12/22 23:00:00,A,EXT_EU27_2020,T,PER,TOTAL,EU27_2020,2018,16785,
ESTAT:TPS00194(1.0),05/12/22 23:00:00,A,EXT_EU27_2020,T,PER,TOTAL,EU27_2020,2019,14115,
ESTAT:TPS00194(1.0),05/12/22 23:00:00,A,EXT_EU27_2020,T,PER,TOTAL,EU27_2020,2020,13550,
ESTAT:TPS00194(1.0),05/12/22 23:00:00,A,EXT_EU27_2020,T,PER,TOTAL,EU27_2020,2021,25130,
ESTAT:TPS00194(1.0),05/12/22 23:00:00,A,EXT_EU27_2020,T,PER,TOTAL,FI,2008,705,
ESTAT:TPS00194(1.0),05/12/22 23:00:00,A,EXT_EU27_2020,T,PER,TOTAL,FI,2009,535,
ESTAT:TPS00194(1.0),05/12/22 23:00:00,A,EXT_EU27_2020,T,PER,TOTAL,FI,2010,315,
ESTAT:TPS00194(1.0),05/12/22 23:00:00,A,EXT_EU27_2020,T,PER,TOTAL,FI,2011,150,
ESTAT:TPS00194(1.0),05/12/22 23:00:00,A,EXT_EU27_2020,T,PER,TOTAL,FI,2012,165,
ESTAT:TPS00194(1.0),05/12/22 23:00:00,A,EXT_EU27_2020,T,PER,TOTAL,FI,2013,160,
ESTAT:TPS00194(1.0),05/12/22 23:00:00,A,EXT_EU27_2020,T,PER,TOTAL,FI,2014,195,
ESTAT:TPS00194(1.0),05/12/22 23:00:00,A,EXT_EU27_2020,T,PER,TOTAL,FI,2015,2535,
ESTAT:TPS00194(1.0),05/12/22 23:00:00,A,EXT_EU27_2020,T,PER,TOTAL,FI,2016,370,
ESTAT:TPS00194(1.0),05/12/22 23:00:00,A,EXT_EU27_2020,T,PER,TOTAL,FI,2017,175,
ESTAT:TPS00194(1.0),05/12/22 23:00:00,A,EXT_EU27_2020,T,PER,TOTAL,FI,2018,105,
ESTAT:TPS00194(1.0),05/12/22 23:00:00,A,EXT_EU27_2020,T,PER,TOTAL,FI,2019,95,
ESTAT:TPS00194(1.0),05/12/22 23:00:00,A,EXT_EU27_2020,T,PER,TOTAL,FI,2020,145,
ESTAT:TPS00194(1.0),05/12/22 23:00:00,A,EXT_EU27_2020,T,PER,TOTAL,FI,2021,135,
ESTAT:TPS00194(1.0),05/12/22 23:00:00,A,EXT_EU27_2020,T,PER,TOTAL,FR,2008,410,
ESTAT:TPS00194(1.0),05/12/22 23:00:00,A,EXT_EU27_2020,T,PER,TOTAL,FR,2009,445,
ESTAT:TPS00194(1.0),05/12/22 23:00:00,A,EXT_EU27_2020,T,PER,TOTAL,FR,2010,610,
ESTAT:TPS00194(1.0),05/12/22 23:00:00,A,EXT_EU27_2020,T,PER,TOTAL,FR,2011,595,
ESTAT:TPS00194(1.0),05/12/22 23:00:00,A,EXT_EU27_2020,T,PER,TOTAL,FR,2012,490,
ESTAT:TPS00194(1.0),05/12/22 23:00:00,A,EXT_EU27_2020,T,PER,TOTAL,FR,2013,365,
ESTAT:TPS00194(1.0),05/12/22 23:00:00,A,EXT_EU27_2020,T,PER,TOTAL,FR,2014,270,
ESTAT:TPS00194(1.0),05/12/22 23:00:00,A,EXT_EU27_2020,T,PER,TOTAL,FR,2015,320,
ESTAT:TPS00194(1.0),05/12/22 23:00:00,A,EXT_EU27_2020,T,PER,TOTAL,FR,2016,475,
ESTAT:TPS00194(1.0),05/12/22 23:00:00,A,EXT_EU27_2020,T,PER,TOTAL,FR,2017,590,
ESTAT:TPS00194(1.0),05/12/22 23:00:00,A,EXT_EU27_2020,T,PER,TOTAL,FR,2018,740,
ESTAT:TPS00194(1.0),05/12/22 23:00:00,A,EXT_EU27_2020,T,PER,TOTAL,FR,2019,755,
ESTAT:TPS00194(1.0),05/12/22 23:00:00,A,EXT_EU27_2020,T,PER,TOTAL,FR,2020,650,
ESTAT:TPS00194(1.0),05/12/22 23:00:00,A,EXT_EU27_2020,T,PER,TOTAL,FR,2021,880,
ESTAT:TPS00194(1.0),05/12/22 23:00:00,A,EXT_EU27_2020,T,PER,TOTAL,HR,2012,70,
ESTAT:TPS00194(1.0),05/12/22 23:00:00,A,EXT_EU27_2020,T,PER,TOTAL,HR,2013,55,
ESTAT:TPS00194(1.0),05/12/22 23:00:00,A,EXT_EU27_2020,T,PER,TOTAL,HR,2014,10,
ESTAT:TPS00194(1.0),05/12/22 23:00:00,A,EXT_EU27_2020,T,PER,TOTAL,HR,2015,5,
ESTAT:TPS00194(1.0),05/12/22 23:00:00,A,EXT_EU27_2020,T,PER,TOTAL,HR,2016,170,
ESTAT:TPS00194(1.0),05/12/22 23:00:00,A,EXT_EU27_2020,T,PER,TOTAL,HR,2017,40,
ESTAT:TPS00194(1.0),05/12/22 23:00:00,A,EXT_EU27_2020,T,PER,TOTAL,HR,2018,25,
ESTAT:TPS00194(1.0),05/12/22 23:00:00,A,EXT_EU27_2020,T,PER,TOTAL,HR,2019,35,
ESTAT:TPS00194(1.0),05/12/22 23:00:00,A,EXT_EU27_2020,T,PER,TOTAL,HR,2020,115,
ESTAT:TPS00194(1.0),05/12/22 23:00:00,A,EXT_EU27_2020,T,PER,TOTAL,HR,2021,195,
ESTAT:TPS00194(1.0),05/12/22 23:00:00,A,EXT_EU27_2020,T,PER,TOTAL,HU,2008,175,
ESTAT:TPS00194(1.0),05/12/22 23:00:00,A,EXT_EU27_2020,T,PER,TOTAL,HU,2009,270,
ESTAT:TPS00194(1.0),05/12/22 23:00:00,A,EXT_EU27_2020,T,PER,TOTAL,HU,2010,150,
ESTAT:TPS00194(1.0),05/12/22 23:00:00,A,EXT_EU27_2020,T,PER,TOTAL,HU,2011,60,
ESTAT:TPS00194(1.0),05/12/22 23:00:00,A,EXT_EU27_2020,T,PER,TOTAL,HU,2012,185,
ESTAT:TPS00194(1.0),05/12/22 23:00:00,A,EXT_EU27_2020,T,PER,TOTAL,HU,2013,380,
ESTAT:TPS00194(1.0),05/12/22 23:00:00,A,EXT_EU27_2020,T,PER,TOTAL,HU,2014,605,
ESTAT:TPS00194(1.0),05/12/22 23:00:00,A,EXT_EU27_2020,T,PER,TOTAL,HU,2015,8805,
ESTAT:TPS00194(1.0),05/12/22 23:00:00,A,EXT_EU27_2020,T,PER,TOTAL,HU,2016,1220,
ESTAT:TPS00194(1.0),05/12/22 23:00:00,A,EXT_EU27_2020,T,PER,TOTAL,HU,2017,230,
ESTAT:TPS00194(1.0),05/12/22 23:00:00,A,EXT_EU27_2020,T,PER,TOTAL,HU,2018,40,
ESTAT:TPS00194(1.0),05/12/22 23:00:00,A,EXT_EU27_2020,T,PER,TOTAL,HU,2019,10,
ESTAT:TPS00194(1.0),05/12/22 23:00:00,A,EXT_EU27_2020,T,PER,TOTAL,HU,2020,0,
ESTAT:TPS00194(1.0),05/12/22 23:00:00,A,EXT_EU27_2020,T,PER,TOTAL,HU,2021,5,
ESTAT:TPS00194(1.0),05/12/22 23:00:00,A,EXT_EU27_2020,T,PER,TOTAL,IE,2008,100,
ESTAT:TPS00194(1.0),05/12/22 23:00:00,A,EXT_EU27_2020,T,PER,TOTAL,IE,2009,55,
ESTAT:TPS00194(1.0),05/12/22 23:00:00,A,EXT_EU27_2020,T,PER,TOTAL,IE,2010,35,
ESTAT:TPS00194(1.0),05/12/22 23:00:00,A,EXT_EU27_2020,T,PER,TOTAL,IE,2011,25,
ESTAT:TPS00194(1.0),05/12/22 23:00:00,A,EXT_EU27_2020,T,PER,TOTAL,IE,2012,25,
ESTAT:TPS00194(1.0),05/12/22 23:00:00,A,EXT_EU27_2020,T,PER,TOTAL,IE,2013,20,
ESTAT:TPS00194(1.0),05/12/22 23:00:00,A,EXT_EU27_2020,T,PER,TOTAL,IE,2014,30,
ESTAT:TPS00194(1.0),05/12/22 23:00:00,A,EXT_EU27_2020,T,PER,TOTAL,IE,2015,35,
ESTAT:TPS00194(1.0),05/12/22 23:00:00,A,EXT_EU27_2020,T,PER,TOTAL,IE,2016,35,
ESTAT:TPS00194(1.0),05/12/22 23:00:00,A,EXT_EU27_2020,T,PER,TOTAL,IE,2017,30,
ESTAT:TPS00194(1.0),05/12/22 23:00:00,A,EXT_EU27_2020,T,PER,TOTAL,IE,2018,15,
ESTAT:TPS00194(1.0),05/12/22 23:00:00,A,EXT_EU27_2020,T,PER,TOTAL,IE,2019,50,
ESTAT:TPS00194(1.0),05/12/22 23:00:00,A,EXT_EU27_2020,T,PER,TOTAL,IE,2020,30,
ESTAT:TPS00194(1.0),05/12/22 23:00:00,A,EXT_EU27_2020,T,PER,TOTAL,IE,2021,55,
ESTAT:TPS00194(1.0),05/12/22 23:00:00,A,EXT_EU27_2020,T,PER,TOTAL,IS,2008,0,
ESTAT:TPS00194(1.0),05/12/22 23:00:00,A,EXT_EU27_2020,T,PER,TOTAL,IS,2009,0,
ESTAT:TPS00194(1.0),05/12/22 23:00:00,A,EXT_EU27_2020,T,PER,TOTAL,IS,2010,0,
ESTAT:TPS00194(1.0),05/12/22 23:00:00,A,EXT_EU27_2020,T,PER,TOTAL,IS,2011,0,
ESTAT:TPS00194(1.0),05/12/22 23:00:00,A,EXT_EU27_2020,T,PER,TOTAL,IS,2012,5,
ESTAT:TPS00194(1.0),05/12/22 23:00:00,A,EXT_EU27_2020,T,PER,TOTAL,IS,2013,0,
ESTAT:TPS00194(1.0),05/12/22 23:00:00,A,EXT_EU27_2020,T,PER,TOTAL,IS,2014,0,
ESTAT:TPS00194(1.0),05/12/22 23:00:00,A,EXT_EU27_2020,T,PER,TOTAL,IS,2015,5,
ESTAT:TPS00194(1.0),05/12/22 23:00:00,A,EXT_EU27_2020,T,PER,TOTAL,IS,2016,20,
ESTAT:TPS00194(1.0),05/12/22 23:00:00,A,EXT_EU27_2020,T,PER,TOTAL,IS,2017,10,
ESTAT:TPS00194(1.0),05/12/22 23:00:00,A,EXT_EU27_2020,T,PER,TOTAL,IS,2018,5,
ESTAT:TPS00194(1.0),05/12/22 23:00:00,A,EXT_EU27_2020,T,PER,TOTAL,IS,2019,5,
ESTAT:TPS00194(1.0),05/12/22 23:00:00,A,EXT_EU27_2020,T,PER,TOTAL,IS,2020,5,
ESTAT:TPS00194(1.0),05/12/22 23:00:00,A,EXT_EU27_2020,T,PER,TOTAL,IS,2021,5,
ESTAT:TPS00194(1.0),05/12/22 23:00:00,A,EXT_EU27_2020,T,PER,TOTAL,IT,2008,575,
ESTAT:TPS00194(1.0),05/12/22 23:00:00,A,EXT_EU27_2020,T,PER,TOTAL,IT,2009,415,
ESTAT:TPS00194(1.0),05/12/22 23:00:00,A,EXT_EU27_2020,T,PER,TOTAL,IT,2010,305,
ESTAT:TPS00194(1.0),05/12/22 23:00:00,A,EXT_EU27_2020,T,PER,TOTAL,IT,2011,825,
ESTAT:TPS00194(1.0),05/12/22 23:00:00,A,EXT_EU27_2020,T,PER,TOTAL,IT,2012,970,
ESTAT:TPS00194(1.0),05/12/22 23:00:00,A,EXT_EU27_2020,T,PER,TOTAL,IT,2013,805,
ESTAT:TPS00194(1.0),05/12/22 23:00:00,A,EXT_EU27_2020,T,PER,TOTAL,IT,2014,2505,
ESTAT:TPS00194(1.0),05/12/22 23:00:00,A,EXT_EU27_2020,T,PER,TOTAL,IT,2015,4070,
ESTAT:TPS00194(1.0),05/12/22 23:00:00,A,EXT_EU27_2020,T,PER,TOTAL,IT,2016,6020,
ESTAT:TPS00194(1.0),05/12/22 23:00:00,A,EXT_EU27_2020,T,PER,TOTAL,IT,2017,10005,
ESTAT:TPS00194(1.0),05/12/22 23:00:00,A,EXT_EU27_2020,T,PER,TOTAL,IT,2018,3885,
ESTAT:TPS00194(1.0),05/12/22 23:00:00,A,EXT_EU27_2020,T,PER,TOTAL,IT,2019,660,
ESTAT:TPS00194(1.0),05/12/22 23:00:00,A,EXT_EU27_2020,T,PER,TOTAL,IT,2020,520,
ESTAT:TPS00194(1.0),05/12/22 23:00:00,A,EXT_EU27_2020,T,PER,TOTAL,IT,2021,1495,
ESTAT:TPS00194(1.0),05/12/22 23:00:00,A,EXT_EU27_2020,T,PER,TOTAL,LI,2008,0,
ESTAT:TPS00194(1.0),05/12/22 23:00:00,A,EXT_EU27_2020,T,PER,TOTAL,LI,2009,15,
ESTAT:TPS00194(1.0),05/12/22 23:00:00,A,EXT_EU27_2020,T,PER,TOTAL,LI,2010,0,
ESTAT:TPS00194(1.0),05/12/22 23:00:00,A,EXT_EU27_2020,T,PER,TOTAL,LI,2011,0,
ESTAT:TPS00194(1.0),05/12/22 23:00:00,A,EXT_EU27_2020,T,PER,TOTAL,LI,2012,0,
ESTAT:TPS00194(1.0),05/12/22 23:00:00,A,EXT_EU27_2020,T,PER,TOTAL,LI,2013,0,
ESTAT:TPS00194(1.0),05/12/22 23:00:00,A,EXT_EU27_2020,T,PER,TOTAL,LI,2014,0,
ESTAT:TPS00194(1.0),05/12/22 23:00:00,A,EXT_EU27_2020,T,PER,TOTAL,LI,2015,5,
ESTAT:TPS00194(1.0),05/12/22 23:00:00,A,EXT_EU27_2020,T,PER,TOTAL,LI,2016,5,
ESTAT:TPS00194(1.0),05/12/22 23:00:00,A,EXT_EU27_2020,T,PER,TOTAL,LI,2017,0,
ESTAT:TPS00194(1.0),05/12/22 23:00:00,A,EXT_EU27_2020,T,PER,TOTAL,LI,2018,0,
ESTAT:TPS00194(1.0),05/12/22 23:00:00,A,EXT_EU27_2020,T,PER,TOTAL,LI,2019,0,
ESTAT:TPS00194(1.0),05/12/22 23:00:00,A,EXT_EU27_2020,T,PER,TOTAL,LI,2020,0,
ESTAT:TPS00194(1.0),05/12/22 23:00:00,A,EXT_EU27_2020,T,PER,TOTAL,LI,2021,0,
ESTAT:TPS00194(1.0),05/12/22 23:00:00,A,EXT_EU27_2020,T,PER,TOTAL,LT,2008,0,
ESTAT:TPS00194(1.0),05/12/22 23:00:00,A,EXT_EU27_2020,T,PER,TOTAL,LT,2009,5,
ESTAT:TPS00194(1.0),05/12/22 23:00:00,A,EXT_EU27_2020,T,PER,TOTAL,LT,2010,10,
ESTAT:TPS00194(1.0),05/12/22 23:00:00,A,EXT_EU27_2020,T,PER,TOTAL,LT,2011,10,
ESTAT:TPS00194(1.0),05/12/22 23:00:00,A,EXT_EU27_2020,T,PER,TOTAL,LT,2012,5,
ESTAT:TPS00194(1.0),05/12/22 23:00:00,A,EXT_EU27_2020,T,PER,TOTAL,LT,2013,0,
ESTAT:TPS00194(1.0),05/12/22 23:00:00,A,EXT_EU27_2020,T,PER,TOTAL,LT,2014,5,
ESTAT:TPS00194(1.0),05/12/22 23:00:00,A,EXT_EU27_2020,T,PER,TOTAL,LT,2015,5,
ESTAT:TPS00194(1.0),05/12/22 23:00:00,A,EXT_EU27_2020,T,PER,TOTAL,LT,2016,0,
ESTAT:TPS00194(1.0),05/12/22 23:00:00,A,EXT_EU27_2020,T,PER,TOTAL,LT,2017,0,
ESTAT:TPS00194(1.0),05/12/22 23:00:00,A,EXT_EU27_2020,T,PER,TOTAL,LT,2018,0,
ESTAT:TPS00194(1.0),05/12/22 23:00:00,A,EXT_EU27_2020,T,PER,TOTAL,LT,2019,0,
ESTAT:TPS00194(1.0),05/12/22 23:00:00,A,EXT_EU27_2020,T,PER,TOTAL,LT,2020,0,
ESTAT:TPS00194(1.0),05/12/22 23:00:00,A,EXT_EU27_2020,T,PER,TOTAL,LT,2021,120,
ESTAT:TPS00194(1.0),05/12/22 23:00:00,A,EXT_EU27_2020,T,PER,TOTAL,LU,2008,0,
ESTAT:TPS00194(1.0),05/12/22 23:00:00,A,EXT_EU27_2020,T,PER,TOTAL,LU,2009,10,
ESTAT:TPS00194(1.0),05/12/22 23:00:00,A,EXT_EU27_2020,T,PER,TOTAL,LU,2010,20,
ESTAT:TPS00194(1.0),05/12/22 23:00:00,A,EXT_EU27_2020,T,PER,TOTAL,LU,2011,20,
ESTAT:TPS00194(1.0),05/12/22 23:00:00,A,EXT_EU27_2020,T,PER,TOTAL,LU,2012,15,
ESTAT:TPS00194(1.0),05/12/22 23:00:00,A,EXT_EU27_2020,T,PER,TOTAL,LU,2013,45,
ESTAT:TPS00194(1.0),05/12/22 23:00:00,A,EXT_EU27_2020,T,PER,TOTAL,LU,2014,30,
ESTAT:TPS00194(1.0),05/12/22 23:00:00,A,EXT_EU27_2020,T,PER,TOTAL,LU,2015,105,
ESTAT:TPS00194(1.0),05/12/22 23:00:00,A,EXT_EU27_2020,T,PER,TOTAL,LU,2016,50,
ESTAT:TPS00194(1.0),05/12/22 23:00:00,A,EXT_EU27_2020,T,PER,TOTAL,LU,2017,50,
ESTAT:TPS00194(1.0),05/12/22 23:00:00,A,EXT_EU27_2020,T,PER,TOTAL,LU,2018,35,
ESTAT:TPS00194(1.0),05/12/22 23:00:00,A,EXT_EU27_2020,T,PER,TOTAL,LU,2019,35,
ESTAT:TPS00194(1.0),05/12/22 23:00:00,A,EXT_EU27_2020,T,PER,TOTAL,LU,2020,50,
ESTAT:TPS00194(1.0),05/12/22 23:00:00,A,EXT_EU27_2020,T,PER,TOTAL,LU,2021,55,
ESTAT:TPS00194(1.0),05/12/22 23:00:00,A,EXT_EU27_2020,T,PER,TOTAL,LV,2008,5,
ESTAT:TPS00194(1.0),05/12/22 23:00:00,A,EXT_EU27_2020,T,PER,TOTAL,LV,2009,0,
ESTAT:TPS00194(1.0),05/12/22 23:00:00,A,EXT_EU27_2020,T,PER,TOTAL,LV,2010,5,
ESTAT:TPS00194(1.0),05/12/22 23:00:00,A,EXT_EU27_2020,T,PER,TOTAL,LV,2011,0,
ESTAT:TPS00194(1.0),05/12/22 23:00:00,A,EXT_EU27_2020,T,PER,TOTAL,LV,2012,0,
ESTAT:TPS00194(1.0),05/12/22 23:00:00,A,EXT_EU27_2020,T,PER,TOTAL,LV,2013,5,
ESTAT:TPS00194(1.0),05/12/22 23:00:00,A,EXT_EU27_2020,T,PER,TOTAL,LV,2014,0,
ESTAT:TPS00194(1.0),05/12/22 23:00:00,A,EXT_EU27_2020,T,PER,TOTAL,LV,2015,10,
ESTAT:TPS00194(1.0),05/12/22 23:00:00,A,EXT_EU27_2020,T,PER,TOTAL,LV,2016,5,
ESTAT:TPS00194(1.0),05/12/22 23:00:00,A,EXT_EU27_2020,T,PER,TOTAL,LV,2017,10,
ESTAT:TPS00194(1.0),05/12/22 23:00:00,A,EXT_EU27_2020,T,PER,TOTAL,LV,2018,5,
ESTAT:TPS00194(1.0),05/12/22 23:00:00,A,EXT_EU27_2020,T,PER,TOTAL,LV,2019,5,
ESTAT:TPS00194(1.0),05/12/22 23:00:00,A,EXT_EU27_2020,T,PER,TOTAL,LV,2020,0,
ESTAT:TPS00194(1.0),05/12/22 23:00:00,A,EXT_EU27_2020,T,PER,TOTAL,LV,2021,15,
ESTAT:TPS00194(1.0),05/12/22 23:00:00,A,EXT_EU27_2020,T,PER,TOTAL,ME,2018,0,
ESTAT:TPS00194(1.0),05/12/22 23:00:00,A,EXT_EU27_2020,T,PER,TOTAL,ME,2019,5,
ESTAT:TPS00194(1.0),05/12/22 23:00:00,A,EXT_EU27_2020,T,PER,TOTAL,ME,2020,0,
ESTAT:TPS00194(1.0),05/12/22 23:00:00,A,EXT_EU27_2020,T,PER,TOTAL,ME,2021,0,
ESTAT:TPS00194(1.0),05/12/22 23:00:00,A,EXT_EU27_2020,T,PER,TOTAL,MT,2008,20,
ESTAT:TPS00194(1.0),05/12/22 23:00:00,A,EXT_EU27_2020,T,PER,TOTAL,MT,2009,45,
ESTAT:TPS00194(1.0),05/12/22 23:00:00,A,EXT_EU27_2020,T,PER,TOTAL,MT,2010,5,
ESTAT:TPS00194(1.0),05/12/22 23:00:00,A,EXT_EU27_2020,T,PER,TOTAL,MT,2011,25,
ESTAT:TPS00194(1.0),05/12/22 23:00:00,A,EXT_EU27_2020,T,PER,TOTAL,MT,2012,105,
ESTAT:TPS00194(1.0),05/12/22 23:00:00,A,EXT_EU27_2020,T,PER,TOTAL,MT,2013,335,
ESTAT:TPS00194(1.0),05/12/22 23:00:00,A,EXT_EU27_2020,T,PER,TOTAL,MT,2014,55,
ESTAT:TPS00194(1.0),05/12/22 23:00:00,A,EXT_EU27_2020,T,PER,TOTAL,MT,2015,35,
ESTAT:TPS00194(1.0),05/12/22 23:00:00,A,EXT_EU27_2020,T,PER,TOTAL,MT,2016,15,
ESTAT:TPS00194(1.0),05/12/22 23:00:00,A,EXT_EU27_2020,T,PER,TOTAL,MT,2017,5,
ESTAT:TPS00194(1.0),05/12/22 23:00:00,A,EXT_EU27_2020,T,PER,TOTAL,MT,2018,5,
ESTAT:TPS00194(1.0),05/12/22 23:00:00,A,EXT_EU27_2020,T,PER,TOTAL,MT,2019,20,
ESTAT:TPS00194(1.0),05/12/22 23:00:00,A,EXT_EU27_2020,T,PER,TOTAL,MT,2020,10,
ESTAT:TPS00194(1.0),05/12/22 23:00:00,A,EXT_EU27_2020,T,PER,TOTAL,MT,2021,5,
ESTAT:TPS00194(1.0),05/12/22 23:00:00,A,EXT_EU27_2020,T,PER,TOTAL,NL,2008,725,
ESTAT:TPS00194(1.0),05/12/22 23:00:00,A,EXT_EU27_2020,T,PER,TOTAL,NL,2009,1040,
ESTAT:TPS00194(1.0),05/12/22 23:00:00,A,EXT_EU27_2020,T,PER,TOTAL,NL,2010,700,
ESTAT:TPS00194(1.0),05/12/22 23:00:00,A,EXT_EU27_2020,T,PER,TOTAL,NL,2011,485,
ESTAT:TPS00194(1.0),05/12/22 23:00:00,A,EXT_EU27_2020,T,PER,TOTAL,NL,2012,380,
ESTAT:TPS00194(1.0),05/12/22 23:00:00,A,EXT_EU27_2020,T,PER,TOTAL,NL,2013,310,
ESTAT:TPS00194(1.0),05/12/22 23:00:00,A,EXT_EU27_2020,T,PER,TOTAL,NL,2014,960,
ESTAT:TPS00194(1.0),05/12/22 23:00:00,A,EXT_EU27_2020,T,PER,TOTAL,NL,2015,3855,
ESTAT:TPS00194(1.0),05/12/22 23:00:00,A,EXT_EU27_2020,T,PER,TOTAL,NL,2016,1705,
ESTAT:TPS00194(1.0),05/12/22 23:00:00,A,EXT_EU27_2020,T,PER,TOTAL,NL,2017,1180,
ESTAT:TPS00194(1.0),05/12/22 23:00:00,A,EXT_EU27_2020,T,PER,TOTAL,NL,2018,1225,
ESTAT:TPS00194(1.0),05/12/22 23:00:00,A,EXT_EU27_2020,T,PER,TOTAL,NL,2019,1045,
ESTAT:TPS00194(1.0),05/12/22 23:00:00,A,EXT_EU27_2020,T,PER,TOTAL,NL,2020,985,
ESTAT:TPS00194(1.0),05/12/22 23:00:00,A,EXT_EU27_2020,T,PER,TOTAL,NL,2021,2190,
ESTAT:TPS00194(1.0),05/12/22 23:00:00,A,EXT_EU27_2020,T,PER,TOTAL,NO,2008,1045,
ESTAT:TPS00194(1.0),05/12/22 23:00:00,A,EXT_EU27_2020,T,PER,TOTAL,NO,2009,1820,
ESTAT:TPS00194(1.0),05/12/22 23:00:00,A,EXT_EU27_2020,T,PER,TOTAL,NO,2010,630,
ESTAT:TPS00194(1.0),05/12/22 23:00:00,A,EXT_EU27_2020,T,PER,TOTAL,NO,2011,635,
ESTAT:TPS00194(1.0),05/12/22 23:00:00,A,EXT_EU27_2020,T,PER,TOTAL,NO,2012,705,
ESTAT:TPS00194(1.0),05/12/22 23:00:00,A,EXT_EU27_2020,T,PER,TOTAL,NO,2013,670,
ESTAT:TPS00194(1.0),05/12/22 23:00:00,A,EXT_EU27_2020,T,PER,TOTAL,NO,2014,940,
ESTAT:TPS00194(1.0),05/12/22 23:00:00,A,EXT_EU27_2020,T,PER,TOTAL,NO,2015,4790,
ESTAT:TPS00194(1.0),05/12/22 23:00:00,A,EXT_EU27_2020,T,PER,TOTAL,NO,2016,270,
ESTAT:TPS00194(1.0),05/12/22 23:00:00,A,EXT_EU27_2020,T,PER,TOTAL,NO,2017,175,
ESTAT:TPS00194(1.0),05/12/22 23:00:00,A,EXT_EU27_2020,T,PER,TOTAL,NO,2018,145,
ESTAT:TPS00194(1.0),05/12/22 23:00:00,A,EXT_EU27_2020,T,PER,TOTAL,NO,2019,125,
ESTAT:TPS00194(1.0),05/12/22 23:00:00,A,EXT_EU27_2020,T,PER,TOTAL,NO,2020,75,
ESTAT:TPS00194(1.0),05/12/22 23:00:00,A,EXT_EU27_2020,T,PER,TOTAL,NO,2021,170,
ESTAT:TPS00194(1.0),05/12/22 23:00:00,A,EXT_EU27_2020,T,PER,TOTAL,PL,2008,375,
ESTAT:TPS00194(1.0),05/12/22 23:00:00,A,EXT_EU27_2020,T,PER,TOTAL,PL,2009,360,
ESTAT:TPS00194(1.0),05/12/22 23:00:00,A,EXT_EU27_2020,T,PER,TOTAL,PL,2010,230,
ESTAT:TPS00194(1.0),05/12/22 23:00:00,A,EXT_EU27_2020,T,PER,TOTAL,PL,2011,405,
ESTAT:TPS00194(1.0),05/12/22 23:00:00,A,EXT_EU27_2020,T,PER,TOTAL,PL,2012,245,
ESTAT:TPS00194(1.0),05/12/22 23:00:00,A,EXT_EU27_2020,T,PER,TOTAL,PL,2013,255,
ESTAT:TPS00194(1.0),05/12/22 23:00:00,A,EXT_EU27_2020,T,PER,TOTAL,PL,2014,185,
ESTAT:TPS00194(1.0),05/12/22 23:00:00,A,EXT_EU27_2020,T,PER,TOTAL,PL,2015,150,
ESTAT:TPS00194(1.0),05/12/22 23:00:00,A,EXT_EU27_2020,T,PER,TOTAL,PL,2016,140,
ESTAT:TPS00194(1.0),05/12/22 23:00:00,A,EXT_EU27_2020,T,PER,TOTAL,PL,2017,115,
ESTAT:TPS00194(1.0),05/12/22 23:00:00,A,EXT_EU27_2020,T,PER,TOTAL,PL,2018,125,
ESTAT:TPS00194(1.0),05/12/22 23:00:00,A,EXT_EU27_2020,T,PER,TOTAL,PL,2019,105,
ESTAT:TPS00194(1.0),05/12/22 23:00:00,A,EXT_EU27_2020,T,PER,TOTAL,PL,2020,115,
ESTAT:TPS00194(1.0),05/12/22 23:00:00,A,EXT_EU27_2020,T,PER,TOTAL,PL,2021,200,
ESTAT:TPS00194(1.0),05/12/22 23:00:00,A,EXT_EU27_2020,T,PER,TOTAL,PT,2008,5,
ESTAT:TPS00194(1.0),05/12/22 23:00:00,A,EXT_EU27_2020,T,PER,TOTAL,PT,2009,0,
ESTAT:TPS00194(1.0),05/12/22 23:00:00,A,EXT_EU27_2020,T,PER,TOTAL,PT,2010,5,
ESTAT:TPS00194(1.0),05/12/22 23:00:00,A,EXT_EU27_2020,T,PER,TOTAL,PT,2011,5,
ESTAT:TPS00194(1.0),05/12/22 23:00:00,A,EXT_EU27_2020,T,PER,TOTAL,PT,2012,10,
ESTAT:TPS00194(1.0),05/12/22 23:00:00,A,EXT_EU27_2020,T,PER,TOTAL,PT,2013,55,
ESTAT:TPS00194(1.0),05/12/22 23:00:00,A,EXT_EU27_2020,T,PER,TOTAL,PT,2014,15,
ESTAT:TPS00194(1.0),05/12/22 23:00:00,A,EXT_EU27_2020,T,PER,TOTAL,PT,2015,50,
ESTAT:TPS00194(1.0),05/12/22 23:00:00,A,EXT_EU27_2020,T,PER,TOTAL,PT,2016,25,
ESTAT:TPS00194(1.0),05/12/22 23:00:00,A,EXT_EU27_2020,T,PER,TOTAL,PT,2017,40,
ESTAT:TPS00194(1.0),05/12/22 23:00:00,A,EXT_EU27_2020,T,PER,TOTAL,PT,2018,40,
ESTAT:TPS00194(1.0),05/12/22 23:00:00,A,EXT_EU27_2020,T,PER,TOTAL,PT,2019,45,
ESTAT:TPS00194(1.0),05/12/22 23:00:00,A,EXT_EU27_2020,T,PER,TOTAL,PT,2020,95,
ESTAT:TPS00194(1.0),05/12/22 23:00:00,A,EXT_EU27_2020,T,PER,TOTAL,PT,2021,65,
ESTAT:TPS00194(1.0),05/12/22 23:00:00,A,EXT_EU27_2020,T,PER,TOTAL,RO,2008,55,
ESTAT:TPS00194(1.0),05/12/22 23:00:00,A,EXT_EU27_2020,T,PER,TOTAL,RO,2009,40,
ESTAT:TPS00194(1.0),05/12/22 23:00:00,A,EXT_EU27_2020,T,PER,TOTAL,RO,2010,35,
ESTAT:TPS00194(1.0),05/12/22 23:00:00,A,EXT_EU27_2020,T,PER,TOTAL,RO,2011,55,
ESTAT:TPS00194(1.0),05/12/22 23:00:00,A,EXT_EU27_2020,T,PER,TOTAL,RO,2012,135,
ESTAT:TPS00194(1.0),05/12/22 23:00:00,A,EXT_EU27_2020,T,PER,TOTAL,RO,2013,15,
ESTAT:TPS00194(1.0),05/12/22 23:00:00,A,EXT_EU27_2020,T,PER,TOTAL,RO,2014,95,
ESTAT:TPS00194(1.0),05/12/22 23:00:00,A,EXT_EU27_2020,T,PER,TOTAL,RO,2015,55,
ESTAT:TPS00194(1.0),05/12/22 23:00:00,A,EXT_EU27_2020,T,PER,TOTAL,RO,2016,45,
ESTAT:TPS00194(1.0),05/12/22 23:00:00,A,EXT_EU27_2020,T,PER,TOTAL,RO,2017,265,
ESTAT:TPS00194(1.0),05/12/22 23:00:00,A,EXT_EU27_2020,T,PER,TOTAL,RO,2018,135,
ESTAT:TPS00194(1.0),05/12/22 23:00:00,A,EXT_EU27_2020,T,PER,TOTAL,RO,2019,185,
ESTAT:TPS00194(1.0),05/12/22 23:00:00,A,EXT_EU27_2020,T,PER,TOTAL,RO,2020,980,
ESTAT:TPS00194(1.0),05/12/22 23:00:00,A,EXT_EU27_2020,T,PER,TOTAL,RO,2021,1745,
ESTAT:TPS00194(1.0),05/12/22 23:00:00,A,EXT_EU27_2020,T,PER,TOTAL,SE,2008,1510,
ESTAT:TPS00194(1.0),05/12/22 23:00:00,A,EXT_EU27_2020,T,PER,TOTAL,SE,2009,2250,
ESTAT:TPS00194(1.0),05/12/22 23:00:00,A,EXT_EU27_2020,T,PER,TOTAL,SE,2010,2395,
ESTAT:TPS00194(1.0),05/12/22 23:00:00,A,EXT_EU27_2020,T,PER,TOTAL,SE,2011,2655,
ESTAT:TPS00194(1.0),05/12/22 23:00:00,A,EXT_EU27_2020,T,PER,TOTAL,SE,2012,3575,
ESTAT:TPS00194(1.0),05/12/22 23:00:00,A,EXT_EU27_2020,T,PER,TOTAL,SE,2013,3850,
ESTAT:TPS00194(1.0),05/12/22 23:00:00,A,EXT_EU27_2020,T,PER,TOTAL,SE,2014,7045,
ESTAT:TPS00194(1.0),05/12/22 23:00:00,A,EXT_EU27_2020,T,PER,TOTAL,SE,2015,34295,
ESTAT:TPS00194(1.0),05/12/22 23:00:00,A,EXT_EU27_2020,T,PER,TOTAL,SE,2016,2160,
ESTAT:TPS00194(1.0),05/12/22 23:00:00,A,EXT_EU27_2020,T,PER,TOTAL,SE,2017,1285,
ESTAT:TPS00194(1.0),05/12/22 23:00:00,A,EXT_EU27_2020,T,PER,TOTAL,SE,2018,900,
ESTAT:TPS00194(1.0),05/12/22 23:00:00,A,EXT_EU27_2020,T,PER,TOTAL,SE,2019,875,
ESTAT:TPS00194(1.0),05/12/22 23:00:00,A,EXT_EU27_2020,T,PER,TOTAL,SE,2020,500,
ESTAT:TPS00194(1.0),05/12/22 23:00:00,A,EXT_EU27_2020,T,PER,TOTAL,SE,2021,525,
ESTAT:TPS00194(1.0),05/12/22 23:00:00,A,EXT_EU27_2020,T,PER,TOTAL,SI,2008,20,
ESTAT:TPS00194(1.0),05/12/22 23:00:00,A,EXT_EU27_2020,T,PER,TOTAL,SI,2009,25,
ESTAT:TPS00194(1.0),05/12/22 23:00:00,A,EXT_EU27_2020,T,PER,TOTAL,SI,2010,25,
ESTAT:TPS00194(1.0),05/12/22 23:00:00,A,EXT_EU27_2020,T,PER,TOTAL,SI,2011,60,
ESTAT:TPS00194(1.0),05/12/22 23:00:00,A,EXT_EU27_2020,T,PER,TOTAL,SI,2012,50,
ESTAT:TPS00194(1.0),05/12/22 23:00:00,A,EXT_EU27_2020,T,PER,TOTAL,SI,2013,30,
ESTAT:TPS00194(1.0),05/12/22 23:00:00,A,EXT_EU27_2020,T,PER,TOTAL,SI,2014,65,
ESTAT:TPS00194(1.0),05/12/22 23:00:00,A,EXT_EU27_2020,T,PER,TOTAL,SI,2015,40,
ESTAT:TPS00194(1.0),05/12/22 23:00:00,A,EXT_EU27_2020,T,PER,TOTAL,SI,2016,245,
ESTAT:TPS00194(1.0),05/12/22 23:00:00,A,EXT_EU27_2020,T,PER,TOTAL,SI,2017,390,
ESTAT:TPS00194(1.0),05/12/22 23:00:00,A,EXT_EU27_2020,T,PER,TOTAL,SI,2018,555,
ESTAT:TPS00194(1.0),05/12/22 23:00:00,A,EXT_EU27_2020,T,PER,TOTAL,SI,2019,670,
ESTAT:TPS00194(1.0),05/12/22 23:00:00,A,EXT_EU27_2020,T,PER,TOTAL,SI,2020,550,
ESTAT:TPS00194(1.0),05/12/22 23:00:00,A,EXT_EU27_2020,T,PER,TOTAL,SI,2021,780,
ESTAT:TPS00194(1.0),05/12/22 23:00:00,A,EXT_EU27_2020,T,PER,TOTAL,SK,2008,70,
ESTAT:TPS00194(1.0),05/12/22 23:00:00,A,EXT_EU27_2020,T,PER,TOTAL,SK,2009,30,
ESTAT:TPS00194(1.0),05/12/22 23:00:00,A,EXT_EU27_2020,T,PER,TOTAL,SK,2010,5,
ESTAT:TPS00194(1.0),05/12/22 23:00:00,A,EXT_EU27_2020,T,PER,TOTAL,SK,2011,20,
ESTAT:TPS00194(1.0),05/12/22 23:00:00,A,EXT_EU27_2020,T,PER,TOTAL,SK,2012,5,
ESTAT:TPS00194(1.0),05/12/22 23:00:00,A,EXT_EU27_2020,T,PER,TOTAL,SK,2013,5,
ESTAT:TPS00194(1.0),05/12/22 23:00:00,A,EXT_EU27_2020,T,PER,TOTAL,SK,2014,10,
ESTAT:TPS00194(1.0),05/12/22 23:00:00,A,EXT_EU27_2020,T,PER,TOTAL,SK,2015,5,
ESTAT:TPS00194(1.0),05/12/22 23:00:00,A,EXT_EU27_2020,T,PER,TOTAL,SK,2016,0,
ESTAT:TPS00194(1.0),05/12/22 23:00:00,A,EXT_EU27_2020,T,PER,TOTAL,SK,2017,10,
ESTAT:TPS00194(1.0),05/12/22 23:00:00,A,EXT_EU27_2020,T,PER,TOTAL,SK,2018,10,
ESTAT:TPS00194(1.0),05/12/22 23:00:00,A,EXT_EU27_2020,T,PER,TOTAL,SK,2019,30,
ESTAT:TPS00194(1.0),05/12/22 23:00:00,A,EXT_EU27_2020,T,PER,TOTAL,SK,2020,10,
ESTAT:TPS00194(1.0),05/12/22 23:00:00,A,EXT_EU27_2020,T,PER,TOTAL,SK,2021,20,
ESTAT:TPS00194(1.0),05/12/22 23:00:00,A,EXT_EU27_2020,T,PER,TOTAL,UK,2008,4285,
ESTAT:TPS00194(1.0),05/12/22 23:00:00,A,EXT_EU27_2020,T,PER,TOTAL,UK,2009,2990,
ESTAT:TPS00194(1.0),05/12/22 23:00:00,A,EXT_EU27_2020,T,PER,TOTAL,UK,2010,1715,
ESTAT:TPS00194(1.0),05/12/22 23:00:00,A,EXT_EU27_2020,T,PER,TOTAL,UK,2011,1395,
ESTAT:TPS00194(1.0),05/12/22 23:00:00,A,EXT_EU27_2020,T,PER,TOTAL,UK,2012,1125,
ESTAT:TPS00194(1.0),05/12/22 23:00:00,A,EXT_EU27_2020,T,PER,TOTAL,UK,2013,1265,
ESTAT:TPS00194(1.0),05/12/22 23:00:00,A,EXT_EU27_2020,T,PER,TOTAL,UK,2014,1945,
ESTAT:TPS00194(1.0),05/12/22 23:00:00,A,EXT_EU27_2020,T,PER,TOTAL,UK,2015,3255,
ESTAT:TPS00194(1.0),05/12/22 23:00:00,A,EXT_EU27_2020,T,PER,TOTAL,UK,2016,3175,
ESTAT:TPS00194(1.0),05/12/22 23:00:00,A,EXT_EU27_2020,T,PER,TOTAL,UK,2017,2205,
ESTAT:TPS00194(1.0),05/12/22 23:00:00,A,EXT_EU27_2020,T,PER,TOTAL,UK,2018,3060,
ESTAT:TPS00194(1.0),05/12/22 23:00:00,A,EXT_EU27_2020,T,PER,TOTAL,UK,2019,3775,
