DATAFLOW,LAST UPDATE,freq,unit,tra_infr,geo,TIME_PERIOD,OBS_VALUE,OBS_FLAG
ESTAT:RAIL_IF_TRACKS(1.0),30/01/23 23:00:00,A,KM,RT_ELC,AL,2013,0,
ESTAT:RAIL_IF_TRACKS(1.0),30/01/23 23:00:00,A,KM,RT_ELC,AL,2014,0,
ESTAT:RAIL_IF_TRACKS(1.0),30/01/23 23:00:00,A,KM,RT_ELC,AL,2015,0,
ESTAT:RAIL_IF_TRACKS(1.0),30/01/23 23:00:00,A,KM,RT_ELC,AL,2016,0,
ESTAT:RAIL_IF_TRACKS(1.0),30/01/23 23:00:00,A,KM,RT_ELC,AL,2017,0,
ESTAT:RAIL_IF_TRACKS(1.0),30/01/23 23:00:00,A,KM,RT_ELC,AL,2018,0,
ESTAT:RAIL_IF_TRACKS(1.0),30/01/23 23:00:00,A,KM,RT_ELC,AL,2019,0,
ESTAT:RAIL_IF_TRACKS(1.0),30/01/23 23:00:00,A,KM,RT_ELC,AL,2020,0,
ESTAT:RAIL_IF_TRACKS(1.0),30/01/23 23:00:00,A,KM,RT_ELC,AL,2021,0,
ESTAT:RAIL_IF_TRACKS(1.0),30/01/23 23:00:00,A,KM,RT_ELC,BA,2013,771,
ESTAT:RAIL_IF_TRACKS(1.0),30/01/23 23:00:00,A,KM,RT_ELC,BA,2014,772,
ESTAT:RAIL_IF_TRACKS(1.0),30/01/23 23:00:00,A,KM,RT_ELC,BA,2015,772,
ESTAT:RAIL_IF_TRACKS(1.0),30/01/23 23:00:00,A,KM,RT_ELC,BA,2016,746,
ESTAT:RAIL_IF_TRACKS(1.0),30/01/23 23:00:00,A,KM,RT_ELC,BA,2017,747,
ESTAT:RAIL_IF_TRACKS(1.0),30/01/23 23:00:00,A,KM,RT_ELC,BA,2018,749,
ESTAT:RAIL_IF_TRACKS(1.0),30/01/23 23:00:00,A,KM,RT_ELC,BA,2019,749,
ESTAT:RAIL_IF_TRACKS(1.0),30/01/23 23:00:00,A,KM,RT_ELC,BA,2020,1058,
ESTAT:RAIL_IF_TRACKS(1.0),30/01/23 23:00:00,A,KM,RT_ELC,BA,2021,1058,
ESTAT:RAIL_IF_TRACKS(1.0),30/01/23 23:00:00,A,KM,RT_ELC,BG,2012,3812,
ESTAT:RAIL_IF_TRACKS(1.0),30/01/23 23:00:00,A,KM,RT_ELC,BG,2013,3773,
ESTAT:RAIL_IF_TRACKS(1.0),30/01/23 23:00:00,A,KM,RT_ELC,BG,2014,3728,
ESTAT:RAIL_IF_TRACKS(1.0),30/01/23 23:00:00,A,KM,RT_ELC,BG,2015,3724,
ESTAT:RAIL_IF_TRACKS(1.0),30/01/23 23:00:00,A,KM,RT_ELC,BG,2016,3738,
ESTAT:RAIL_IF_TRACKS(1.0),30/01/23 23:00:00,A,KM,RT_ELC,BG,2017,3727,
ESTAT:RAIL_IF_TRACKS(1.0),30/01/23 23:00:00,A,KM,RT_ELC,BG,2018,3734,
ESTAT:RAIL_IF_TRACKS(1.0),30/01/23 23:00:00,A,KM,RT_ELC,BG,2019,3728,
ESTAT:RAIL_IF_TRACKS(1.0),30/01/23 23:00:00,A,KM,RT_ELC,BG,2020,3729,
ESTAT:RAIL_IF_TRACKS(1.0),30/01/23 23:00:00,A,KM,RT_ELC,BG,2021,3860,
ESTAT:RAIL_IF_TRACKS(1.0),30/01/23 23:00:00,A,KM,RT_ELC,CZ,2012,6903,
ESTAT:RAIL_IF_TRACKS(1.0),30/01/23 23:00:00,A,KM,RT_ELC,CZ,2013,6926,
ESTAT:RAIL_IF_TRACKS(1.0),30/01/23 23:00:00,A,KM,RT_ELC,CZ,2014,6915,
ESTAT:RAIL_IF_TRACKS(1.0),30/01/23 23:00:00,A,KM,RT_ELC,CZ,2015,6939,
ESTAT:RAIL_IF_TRACKS(1.0),30/01/23 23:00:00,A,KM,RT_ELC,CZ,2016,6939,
ESTAT:RAIL_IF_TRACKS(1.0),30/01/23 23:00:00,A,KM,RT_ELC,CZ,2017,6955,
ESTAT:RAIL_IF_TRACKS(1.0),30/01/23 23:00:00,A,KM,RT_ELC,CZ,2018,6908,
ESTAT:RAIL_IF_TRACKS(1.0),30/01/23 23:00:00,A,KM,RT_ELC,CZ,2019,6932,
ESTAT:RAIL_IF_TRACKS(1.0),30/01/23 23:00:00,A,KM,RT_ELC,CZ,2020,6917,
ESTAT:RAIL_IF_TRACKS(1.0),30/01/23 23:00:00,A,KM,RT_ELC,CZ,2021,6897,
ESTAT:RAIL_IF_TRACKS(1.0),30/01/23 23:00:00,A,KM,RT_ELC,DE,2015,42333,
ESTAT:RAIL_IF_TRACKS(1.0),30/01/23 23:00:00,A,KM,RT_ELC,EE,2012,132,
ESTAT:RAIL_IF_TRACKS(1.0),30/01/23 23:00:00,A,KM,RT_ELC,EE,2013,132,
ESTAT:RAIL_IF_TRACKS(1.0),30/01/23 23:00:00,A,KM,RT_ELC,EE,2014,132,
ESTAT:RAIL_IF_TRACKS(1.0),30/01/23 23:00:00,A,KM,RT_ELC,EE,2015,132,
ESTAT:RAIL_IF_TRACKS(1.0),30/01/23 23:00:00,A,KM,RT_ELC,EE,2016,132,
ESTAT:RAIL_IF_TRACKS(1.0),30/01/23 23:00:00,A,KM,RT_ELC,EE,2017,132,
ESTAT:RAIL_IF_TRACKS(1.0),30/01/23 23:00:00,A,KM,RT_ELC,EE,2018,132,
ESTAT:RAIL_IF_TRACKS(1.0),30/01/23 23:00:00,A,KM,RT_ELC,EE,2019,138,
ESTAT:RAIL_IF_TRACKS(1.0),30/01/23 23:00:00,A,KM,RT_ELC,EE,2020,138,
ESTAT:RAIL_IF_TRACKS(1.0),30/01/23 23:00:00,A,KM,RT_ELC,EE,2021,225,
ESTAT:RAIL_IF_TRACKS(1.0),30/01/23 23:00:00,A,KM,RT_ELC,EL,2012,797,
ESTAT:RAIL_IF_TRACKS(1.0),30/01/23 23:00:00,A,KM,RT_ELC,EL,2013,792,
ESTAT:RAIL_IF_TRACKS(1.0),30/01/23 23:00:00,A,KM,RT_ELC,EL,2014,881,
ESTAT:RAIL_IF_TRACKS(1.0),30/01/23 23:00:00,A,KM,RT_ELC,EL,2015,881,
ESTAT:RAIL_IF_TRACKS(1.0),30/01/23 23:00:00,A,KM,RT_ELC,EL,2016,933,
ESTAT:RAIL_IF_TRACKS(1.0),30/01/23 23:00:00,A,KM,RT_ELC,EL,2017,957,
ESTAT:RAIL_IF_TRACKS(1.0),30/01/23 23:00:00,A,KM,RT_ELC,EL,2018,1251,
ESTAT:RAIL_IF_TRACKS(1.0),30/01/23 23:00:00,A,KM,RT_ELC,EL,2019,1355,
ESTAT:RAIL_IF_TRACKS(1.0),30/01/23 23:00:00,A,KM,RT_ELC,EL,2020,1355,
ESTAT:RAIL_IF_TRACKS(1.0),30/01/23 23:00:00,A,KM,RT_ELC,EL,2021,1355,
ESTAT:RAIL_IF_TRACKS(1.0),30/01/23 23:00:00,A,KM,RT_ELC,ES,2012,14048,d
ESTAT:RAIL_IF_TRACKS(1.0),30/01/23 23:00:00,A,KM,RT_ELC,ES,2013,14777,
ESTAT:RAIL_IF_TRACKS(1.0),30/01/23 23:00:00,A,KM,RT_ELC,ES,2014,14730,
ESTAT:RAIL_IF_TRACKS(1.0),30/01/23 23:00:00,A,KM,RT_ELC,ES,2015,15434,
ESTAT:RAIL_IF_TRACKS(1.0),30/01/23 23:00:00,A,KM,RT_ELC,ES,2016,16223,
ESTAT:RAIL_IF_TRACKS(1.0),30/01/23 23:00:00,A,KM,RT_ELC,ES,2017,15993,
ESTAT:RAIL_IF_TRACKS(1.0),30/01/23 23:00:00,A,KM,RT_ELC,ES,2018,16050,
ESTAT:RAIL_IF_TRACKS(1.0),30/01/23 23:00:00,A,KM,RT_ELC,ES,2019,16204.304,
ESTAT:RAIL_IF_TRACKS(1.0),30/01/23 23:00:00,A,KM,RT_ELC,ES,2020,16527.748,
ESTAT:RAIL_IF_TRACKS(1.0),30/01/23 23:00:00,A,KM,RT_ELC,ES,2021,16827.452,
ESTAT:RAIL_IF_TRACKS(1.0),30/01/23 23:00:00,A,KM,RT_ELC,FI,2012,4785,
ESTAT:RAIL_IF_TRACKS(1.0),30/01/23 23:00:00,A,KM,RT_ELC,FI,2013,4842,
ESTAT:RAIL_IF_TRACKS(1.0),30/01/23 23:00:00,A,KM,RT_ELC,FI,2014,4954,
ESTAT:RAIL_IF_TRACKS(1.0),30/01/23 23:00:00,A,KM,RT_ELC,FI,2015,4988,b
ESTAT:RAIL_IF_TRACKS(1.0),30/01/23 23:00:00,A,KM,RT_ELC,FI,2016,4041,
ESTAT:RAIL_IF_TRACKS(1.0),30/01/23 23:00:00,A,KM,RT_ELC,FI,2017,4063,
ESTAT:RAIL_IF_TRACKS(1.0),30/01/23 23:00:00,A,KM,RT_ELC,FI,2018,4114,
ESTAT:RAIL_IF_TRACKS(1.0),30/01/23 23:00:00,A,KM,RT_ELC,FI,2019,4117,
ESTAT:RAIL_IF_TRACKS(1.0),30/01/23 23:00:00,A,KM,RT_ELC,FI,2020,4135,
ESTAT:RAIL_IF_TRACKS(1.0),30/01/23 23:00:00,A,KM,RT_ELC,FI,2021,4145,
ESTAT:RAIL_IF_TRACKS(1.0),30/01/23 23:00:00,A,KM,RT_ELC,FR,2013,37246.587,
ESTAT:RAIL_IF_TRACKS(1.0),30/01/23 23:00:00,A,KM,RT_ELC,FR,2014,36038.942,
ESTAT:RAIL_IF_TRACKS(1.0),30/01/23 23:00:00,A,KM,RT_ELC,FR,2015,35391.506,
ESTAT:RAIL_IF_TRACKS(1.0),30/01/23 23:00:00,A,KM,RT_ELC,FR,2016,34846.039,
ESTAT:RAIL_IF_TRACKS(1.0),30/01/23 23:00:00,A,KM,RT_ELC,FR,2017,34546.728,
ESTAT:RAIL_IF_TRACKS(1.0),30/01/23 23:00:00,A,KM,RT_ELC,FR,2018,33900.070,
ESTAT:RAIL_IF_TRACKS(1.0),30/01/23 23:00:00,A,KM,RT_ELC,FR,2019,33763.703,
ESTAT:RAIL_IF_TRACKS(1.0),30/01/23 23:00:00,A,KM,RT_ELC,FR,2020,33432,
ESTAT:RAIL_IF_TRACKS(1.0),30/01/23 23:00:00,A,KM,RT_ELC,FR,2021,33508.364,
ESTAT:RAIL_IF_TRACKS(1.0),30/01/23 23:00:00,A,KM,RT_ELC,HR,2012,1650,
ESTAT:RAIL_IF_TRACKS(1.0),30/01/23 23:00:00,A,KM,RT_ELC,HR,2013,1656,
ESTAT:RAIL_IF_TRACKS(1.0),30/01/23 23:00:00,A,KM,RT_ELC,HR,2014,1650,
ESTAT:RAIL_IF_TRACKS(1.0),30/01/23 23:00:00,A,KM,RT_ELC,HR,2015,1654,
ESTAT:RAIL_IF_TRACKS(1.0),30/01/23 23:00:00,A,KM,RT_ELC,HR,2016,1639,
ESTAT:RAIL_IF_TRACKS(1.0),30/01/23 23:00:00,A,KM,RT_ELC,HR,2017,1639,
ESTAT:RAIL_IF_TRACKS(1.0),30/01/23 23:00:00,A,KM,RT_ELC,HR,2018,1640,
ESTAT:RAIL_IF_TRACKS(1.0),30/01/23 23:00:00,A,KM,RT_ELC,HR,2019,1638,
ESTAT:RAIL_IF_TRACKS(1.0),30/01/23 23:00:00,A,KM,RT_ELC,HR,2020,1635,
ESTAT:RAIL_IF_TRACKS(1.0),30/01/23 23:00:00,A,KM,RT_ELC,HR,2021,1649,
ESTAT:RAIL_IF_TRACKS(1.0),30/01/23 23:00:00,A,KM,RT_ELC,HU,2012,4106.8,
ESTAT:RAIL_IF_TRACKS(1.0),30/01/23 23:00:00,A,KM,RT_ELC,HU,2013,4106.800,
ESTAT:RAIL_IF_TRACKS(1.0),30/01/23 23:00:00,A,KM,RT_ELC,HU,2014,4033,
ESTAT:RAIL_IF_TRACKS(1.0),30/01/23 23:00:00,A,KM,RT_ELC,HU,2015,4099,
ESTAT:RAIL_IF_TRACKS(1.0),30/01/23 23:00:00,A,KM,RT_ELC,HU,2016,5421,
ESTAT:RAIL_IF_TRACKS(1.0),30/01/23 23:00:00,A,KM,RT_ELC,HU,2017,5506,
ESTAT:RAIL_IF_TRACKS(1.0),30/01/23 23:00:00,A,KM,RT_ELC,HU,2018,5509,
ESTAT:RAIL_IF_TRACKS(1.0),30/01/23 23:00:00,A,KM,RT_ELC,HU,2019,5560,
ESTAT:RAIL_IF_TRACKS(1.0),30/01/23 23:00:00,A,KM,RT_ELC,HU,2020,5560,
ESTAT:RAIL_IF_TRACKS(1.0),30/01/23 23:00:00,A,KM,RT_ELC,HU,2021,5762,
ESTAT:RAIL_IF_TRACKS(1.0),30/01/23 23:00:00,A,KM,RT_ELC,IE,2012,145,
ESTAT:RAIL_IF_TRACKS(1.0),30/01/23 23:00:00,A,KM,RT_ELC,IE,2013,145,
ESTAT:RAIL_IF_TRACKS(1.0),30/01/23 23:00:00,A,KM,RT_ELC,IE,2014,145,
ESTAT:RAIL_IF_TRACKS(1.0),30/01/23 23:00:00,A,KM,RT_ELC,IE,2015,145,
ESTAT:RAIL_IF_TRACKS(1.0),30/01/23 23:00:00,A,KM,RT_ELC,IE,2016,145,
ESTAT:RAIL_IF_TRACKS(1.0),30/01/23 23:00:00,A,KM,RT_ELC,IE,2017,145,
ESTAT:RAIL_IF_TRACKS(1.0),30/01/23 23:00:00,A,KM,RT_ELC,IE,2018,150,
ESTAT:RAIL_IF_TRACKS(1.0),30/01/23 23:00:00,A,KM,RT_ELC,IE,2019,158.300,
ESTAT:RAIL_IF_TRACKS(1.0),30/01/23 23:00:00,A,KM,RT_ELC,IT,2012,19390,
ESTAT:RAIL_IF_TRACKS(1.0),30/01/23 23:00:00,A,KM,RT_ELC,IT,2017,19641,
ESTAT:RAIL_IF_TRACKS(1.0),30/01/23 23:00:00,A,KM,RT_ELC,IT,2018,19663,
ESTAT:RAIL_IF_TRACKS(1.0),30/01/23 23:00:00,A,KM,RT_ELC,IT,2019,19660,
ESTAT:RAIL_IF_TRACKS(1.0),30/01/23 23:00:00,A,KM,RT_ELC,IT,2020,19720,
ESTAT:RAIL_IF_TRACKS(1.0),30/01/23 23:00:00,A,KM,RT_ELC,IT,2021,19816,
ESTAT:RAIL_IF_TRACKS(1.0),30/01/23 23:00:00,A,KM,RT_ELC,LT,2012,242.3,
ESTAT:RAIL_IF_TRACKS(1.0),30/01/23 23:00:00,A,KM,RT_ELC,LT,2013,242.300,
ESTAT:RAIL_IF_TRACKS(1.0),30/01/23 23:00:00,A,KM,RT_ELC,LT,2014,242.300,
ESTAT:RAIL_IF_TRACKS(1.0),30/01/23 23:00:00,A,KM,RT_ELC,LT,2015,242.300,
ESTAT:RAIL_IF_TRACKS(1.0),30/01/23 23:00:00,A,KM,RT_ELC,LT,2016,242.300,
ESTAT:RAIL_IF_TRACKS(1.0),30/01/23 23:00:00,A,KM,RT_ELC,LT,2017,302.900,
ESTAT:RAIL_IF_TRACKS(1.0),30/01/23 23:00:00,A,KM,RT_ELC,LT,2018,302.900,
ESTAT:RAIL_IF_TRACKS(1.0),30/01/23 23:00:00,A,KM,RT_ELC,LT,2019,317.500,
ESTAT:RAIL_IF_TRACKS(1.0),30/01/23 23:00:00,A,KM,RT_ELC,LT,2020,317.500,
ESTAT:RAIL_IF_TRACKS(1.0),30/01/23 23:00:00,A,KM,RT_ELC,LT,2021,317.500,
ESTAT:RAIL_IF_TRACKS(1.0),30/01/23 23:00:00,A,KM,RT_ELC,LU,2012,590,
ESTAT:RAIL_IF_TRACKS(1.0),30/01/23 23:00:00,A,KM,RT_ELC,LU,2013,590,
ESTAT:RAIL_IF_TRACKS(1.0),30/01/23 23:00:00,A,KM,RT_ELC,LU,2014,590,
ESTAT:RAIL_IF_TRACKS(1.0),30/01/23 23:00:00,A,KM,RT_ELC,LU,2015,590,
ESTAT:RAIL_IF_TRACKS(1.0),30/01/23 23:00:00,A,KM,RT_ELC,LU,2016,590,
ESTAT:RAIL_IF_TRACKS(1.0),30/01/23 23:00:00,A,KM,RT_ELC,LU,2017,590,
ESTAT:RAIL_IF_TRACKS(1.0),30/01/23 23:00:00,A,KM,RT_ELC,LU,2018,590,
ESTAT:RAIL_IF_TRACKS(1.0),30/01/23 23:00:00,A,KM,RT_ELC,LU,2019,596,
ESTAT:RAIL_IF_TRACKS(1.0),30/01/23 23:00:00,A,KM,RT_ELC,LU,2020,596,
ESTAT:RAIL_IF_TRACKS(1.0),30/01/23 23:00:00,A,KM,RT_ELC,LU,2021,596,
ESTAT:RAIL_IF_TRACKS(1.0),30/01/23 23:00:00,A,KM,RT_ELC,LV,2012,499,
ESTAT:RAIL_IF_TRACKS(1.0),30/01/23 23:00:00,A,KM,RT_ELC,LV,2013,494,
ESTAT:RAIL_IF_TRACKS(1.0),30/01/23 23:00:00,A,KM,RT_ELC,LV,2014,502,
ESTAT:RAIL_IF_TRACKS(1.0),30/01/23 23:00:00,A,KM,RT_ELC,LV,2015,502,
ESTAT:RAIL_IF_TRACKS(1.0),30/01/23 23:00:00,A,KM,RT_ELC,LV,2016,502,
ESTAT:RAIL_IF_TRACKS(1.0),30/01/23 23:00:00,A,KM,RT_ELC,LV,2017,502,
ESTAT:RAIL_IF_TRACKS(1.0),30/01/23 23:00:00,A,KM,RT_ELC,LV,2018,502,
ESTAT:RAIL_IF_TRACKS(1.0),30/01/23 23:00:00,A,KM,RT_ELC,LV,2019,502,
ESTAT:RAIL_IF_TRACKS(1.0),30/01/23 23:00:00,A,KM,RT_ELC,LV,2020,502.300,
ESTAT:RAIL_IF_TRACKS(1.0),30/01/23 23:00:00,A,KM,RT_ELC,LV,2021,502.300,
ESTAT:RAIL_IF_TRACKS(1.0),30/01/23 23:00:00,A,KM,RT_ELC,ME,2016,303,
ESTAT:RAIL_IF_TRACKS(1.0),30/01/23 23:00:00,A,KM,RT_ELC,ME,2017,303,
ESTAT:RAIL_IF_TRACKS(1.0),30/01/23 23:00:00,A,KM,RT_ELC,ME,2018,303,
ESTAT:RAIL_IF_TRACKS(1.0),30/01/23 23:00:00,A,KM,RT_ELC,ME,2019,303,
ESTAT:RAIL_IF_TRACKS(1.0),30/01/23 23:00:00,A,KM,RT_ELC,MK,2012,327,
ESTAT:RAIL_IF_TRACKS(1.0),30/01/23 23:00:00,A,KM,RT_ELC,MK,2013,234,
ESTAT:RAIL_IF_TRACKS(1.0),30/01/23 23:00:00,A,KM,RT_ELC,MK,2014,234,
ESTAT:RAIL_IF_TRACKS(1.0),30/01/23 23:00:00,A,KM,RT_ELC,MK,2015,234,
ESTAT:RAIL_IF_TRACKS(1.0),30/01/23 23:00:00,A,KM,RT_ELC,MK,2016,234,
ESTAT:RAIL_IF_TRACKS(1.0),30/01/23 23:00:00,A,KM,RT_ELC,MK,2017,234,
ESTAT:RAIL_IF_TRACKS(1.0),30/01/23 23:00:00,A,KM,RT_ELC,MK,2018,234,
ESTAT:RAIL_IF_TRACKS(1.0),30/01/23 23:00:00,A,KM,RT_ELC,MK,2019,234,
ESTAT:RAIL_IF_TRACKS(1.0),30/01/23 23:00:00,A,KM,RT_ELC,MK,2020,234,
ESTAT:RAIL_IF_TRACKS(1.0),30/01/23 23:00:00,A,KM,RT_ELC,MK,2021,234,
ESTAT:RAIL_IF_TRACKS(1.0),30/01/23 23:00:00,A,KM,RT_ELC,NL,2016,2314,
ESTAT:RAIL_IF_TRACKS(1.0),30/01/23 23:00:00,A,KM,RT_ELC,NL,2017,2310,
ESTAT:RAIL_IF_TRACKS(1.0),30/01/23 23:00:00,A,KM,RT_ELC,NL,2018,2224,
ESTAT:RAIL_IF_TRACKS(1.0),30/01/23 23:00:00,A,KM,RT_ELC,NL,2019,2224,
ESTAT:RAIL_IF_TRACKS(1.0),30/01/23 23:00:00,A,KM,RT_ELC,NL,2020,815,
ESTAT:RAIL_IF_TRACKS(1.0),30/01/23 23:00:00,A,KM,RT_ELC,NL,2021,777,
ESTAT:RAIL_IF_TRACKS(1.0),30/01/23 23:00:00,A,KM,RT_ELC,NO,2012,2743,
ESTAT:RAIL_IF_TRACKS(1.0),30/01/23 23:00:00,A,KM,RT_ELC,NO,2013,2746,
ESTAT:RAIL_IF_TRACKS(1.0),30/01/23 23:00:00,A,KM,RT_ELC,NO,2014,2716,
ESTAT:RAIL_IF_TRACKS(1.0),30/01/23 23:00:00,A,KM,RT_ELC,NO,2015,2716,
ESTAT:RAIL_IF_TRACKS(1.0),30/01/23 23:00:00,A,KM,RT_ELC,NO,2016,2728,
ESTAT:RAIL_IF_TRACKS(1.0),30/01/23 23:00:00,A,KM,RT_ELC,NO,2017,2728,
ESTAT:RAIL_IF_TRACKS(1.0),30/01/23 23:00:00,A,KM,RT_ELC,NO,2018,2770,
ESTAT:RAIL_IF_TRACKS(1.0),30/01/23 23:00:00,A,KM,RT_ELC,NO,2019,2773,
ESTAT:RAIL_IF_TRACKS(1.0),30/01/23 23:00:00,A,KM,RT_ELC,PL,2012,25088,
ESTAT:RAIL_IF_TRACKS(1.0),30/01/23 23:00:00,A,KM,RT_ELC,PL,2013,25000,
ESTAT:RAIL_IF_TRACKS(1.0),30/01/23 23:00:00,A,KM,RT_ELC,PL,2014,25020,
ESTAT:RAIL_IF_TRACKS(1.0),30/01/23 23:00:00,A,KM,RT_ELC,PL,2015,24908,
ESTAT:RAIL_IF_TRACKS(1.0),30/01/23 23:00:00,A,KM,RT_ELC,PL,2016,24930,
ESTAT:RAIL_IF_TRACKS(1.0),30/01/23 23:00:00,A,KM,RT_ELC,PL,2017,24899,
ESTAT:RAIL_IF_TRACKS(1.0),30/01/23 23:00:00,A,KM,RT_ELC,PL,2018,24906,b
ESTAT:RAIL_IF_TRACKS(1.0),30/01/23 23:00:00,A,KM,RT_ELC,PL,2019,25153,
ESTAT:RAIL_IF_TRACKS(1.0),30/01/23 23:00:00,A,KM,RT_ELC,PL,2020,25145,
ESTAT:RAIL_IF_TRACKS(1.0),30/01/23 23:00:00,A,KM,RT_ELC,PL,2021,25267,
ESTAT:RAIL_IF_TRACKS(1.0),30/01/23 23:00:00,A,KM,RT_ELC,PT,2012,2328,
ESTAT:RAIL_IF_TRACKS(1.0),30/01/23 23:00:00,A,KM,RT_ELC,PT,2013,2328,
ESTAT:RAIL_IF_TRACKS(1.0),30/01/23 23:00:00,A,KM,RT_ELC,PT,2014,2328.400,
ESTAT:RAIL_IF_TRACKS(1.0),30/01/23 23:00:00,A,KM,RT_ELC,PT,2015,2337.200,
ESTAT:RAIL_IF_TRACKS(1.0),30/01/23 23:00:00,A,KM,RT_ELC,PT,2016,2337.200,
ESTAT:RAIL_IF_TRACKS(1.0),30/01/23 23:00:00,A,KM,RT_ELC,PT,2017,2337.200,
ESTAT:RAIL_IF_TRACKS(1.0),30/01/23 23:00:00,A,KM,RT_ELC,PT,2018,2337.200,
ESTAT:RAIL_IF_TRACKS(1.0),30/01/23 23:00:00,A,KM,RT_ELC,PT,2019,2393.690,
ESTAT:RAIL_IF_TRACKS(1.0),30/01/23 23:00:00,A,KM,RT_ELC,PT,2020,2393.690,
ESTAT:RAIL_IF_TRACKS(1.0),30/01/23 23:00:00,A,KM,RT_ELC,PT,2021,2489.211,
ESTAT:RAIL_IF_TRACKS(1.0),30/01/23 23:00:00,A,KM,RT_ELC,RO,2012,8511,
ESTAT:RAIL_IF_TRACKS(1.0),30/01/23 23:00:00,A,KM,RT_ELC,RO,2013,8549,
ESTAT:RAIL_IF_TRACKS(1.0),30/01/23 23:00:00,A,KM,RT_ELC,RO,2014,8533,
ESTAT:RAIL_IF_TRACKS(1.0),30/01/23 23:00:00,A,KM,RT_ELC,RO,2015,8525,
ESTAT:RAIL_IF_TRACKS(1.0),30/01/23 23:00:00,A,KM,RT_ELC,RO,2016,8525,
ESTAT:RAIL_IF_TRACKS(1.0),30/01/23 23:00:00,A,KM,RT_ELC,RO,2017,8523,
ESTAT:RAIL_IF_TRACKS(1.0),30/01/23 23:00:00,A,KM,RT_ELC,RO,2018,8522,
ESTAT:RAIL_IF_TRACKS(1.0),30/01/23 23:00:00,A,KM,RT_ELC,RO,2019,8519,
ESTAT:RAIL_IF_TRACKS(1.0),30/01/23 23:00:00,A,KM,RT_ELC,RO,2020,8528,
ESTAT:RAIL_IF_TRACKS(1.0),30/01/23 23:00:00,A,KM,RT_ELC,RO,2021,8530,
ESTAT:RAIL_IF_TRACKS(1.0),30/01/23 23:00:00,A,KM,RT_ELC,RS,2013,2269,
ESTAT:RAIL_IF_TRACKS(1.0),30/01/23 23:00:00,A,KM,RT_ELC,RS,2014,2266,
ESTAT:RAIL_IF_TRACKS(1.0),30/01/23 23:00:00,A,KM,RT_ELC,RS,2015,2399,
ESTAT:RAIL_IF_TRACKS(1.0),30/01/23 23:00:00,A,KM,RT_ELC,RS,2016,2399,
ESTAT:RAIL_IF_TRACKS(1.0),30/01/23 23:00:00,A,KM,RT_ELC,RS,2017,2398,
ESTAT:RAIL_IF_TRACKS(1.0),30/01/23 23:00:00,A,KM,RT_ELC,RS,2019,2384,
ESTAT:RAIL_IF_TRACKS(1.0),30/01/23 23:00:00,A,KM,RT_ELC,RS,2020,2356,
ESTAT:RAIL_IF_TRACKS(1.0),30/01/23 23:00:00,A,KM,RT_ELC,SE,2012,11952,
ESTAT:RAIL_IF_TRACKS(1.0),30/01/23 23:00:00,A,KM,RT_ELC,SE,2013,12035,
ESTAT:RAIL_IF_TRACKS(1.0),30/01/23 23:00:00,A,KM,RT_ELC,SE,2014,12139,
ESTAT:RAIL_IF_TRACKS(1.0),30/01/23 23:00:00,A,KM,RT_ELC,SE,2015,12144,
ESTAT:RAIL_IF_TRACKS(1.0),30/01/23 23:00:00,A,KM,RT_ELC,SE,2016,12089,
ESTAT:RAIL_IF_TRACKS(1.0),30/01/23 23:00:00,A,KM,RT_ELC,SE,2017,12121,
ESTAT:RAIL_IF_TRACKS(1.0),30/01/23 23:00:00,A,KM,RT_ELC,SE,2018,12146,
ESTAT:RAIL_IF_TRACKS(1.0),30/01/23 23:00:00,A,KM,RT_ELC,SE,2019,12143,
ESTAT:RAIL_IF_TRACKS(1.0),30/01/23 23:00:00,A,KM,RT_ELC,SE,2020,12166,
ESTAT:RAIL_IF_TRACKS(1.0),30/01/23 23:00:00,A,KM,RT_ELC,SE,2021,3391,
ESTAT:RAIL_IF_TRACKS(1.0),30/01/23 23:00:00,A,KM,RT_ELC,SI,2012,1289,
ESTAT:RAIL_IF_TRACKS(1.0),30/01/23 23:00:00,A,KM,RT_ELC,SI,2013,1289,
ESTAT:RAIL_IF_TRACKS(1.0),30/01/23 23:00:00,A,KM,RT_ELC,SI,2014,1289,
ESTAT:RAIL_IF_TRACKS(1.0),30/01/23 23:00:00,A,KM,RT_ELC,SI,2015,1289,
ESTAT:RAIL_IF_TRACKS(1.0),30/01/23 23:00:00,A,KM,RT_ELC,SI,2016,1289,
ESTAT:RAIL_IF_TRACKS(1.0),30/01/23 23:00:00,A,KM,RT_ELC,SI,2017,1465,
ESTAT:RAIL_IF_TRACKS(1.0),30/01/23 23:00:00,A,KM,RT_ELC,SI,2018,1465,
ESTAT:RAIL_IF_TRACKS(1.0),30/01/23 23:00:00,A,KM,RT_ELC,SI,2019,1465,
ESTAT:RAIL_IF_TRACKS(1.0),30/01/23 23:00:00,A,KM,RT_ELC,SI,2020,1579,
ESTAT:RAIL_IF_TRACKS(1.0),30/01/23 23:00:00,A,KM,RT_ELC,SI,2021,1579,
ESTAT:RAIL_IF_TRACKS(1.0),30/01/23 23:00:00,A,KM,RT_ELC,SK,2012,1586,
ESTAT:RAIL_IF_TRACKS(1.0),30/01/23 23:00:00,A,KM,RT_ELC,TR,2012,3216,
ESTAT:RAIL_IF_TRACKS(1.0),30/01/23 23:00:00,A,KM,RT_ELC,TR,2013,3304,
ESTAT:RAIL_IF_TRACKS(1.0),30/01/23 23:00:00,A,KM,RT_ELC,TR,2014,3748,
ESTAT:RAIL_IF_TRACKS(1.0),30/01/23 23:00:00,A,KM,RT_ELC,TR,2015,3854,
ESTAT:RAIL_IF_TRACKS(1.0),30/01/23 23:00:00,A,KM,RT_ELC,TR,2016,4350,
ESTAT:RAIL_IF_TRACKS(1.0),30/01/23 23:00:00,A,KM,RT_ELC,TR,2017,4660,
ESTAT:RAIL_IF_TRACKS(1.0),30/01/23 23:00:00,A,KM,RT_ELC,TR,2018,5467,
ESTAT:RAIL_IF_TRACKS(1.0),30/01/23 23:00:00,A,KM,RT_ELC,TR,2019,5753,
ESTAT:RAIL_IF_TRACKS(1.0),30/01/23 23:00:00,A,KM,RT_ELC,UK,2012,13028,
ESTAT:RAIL_IF_TRACKS(1.0),30/01/23 23:00:00,A,KM,RT_ELC,UK,2013,13105,
ESTAT:RAIL_IF_TRACKS(1.0),30/01/23 23:00:00,A,KM,RT_ELC,UK,2014,13252,
ESTAT:RAIL_IF_TRACKS(1.0),30/01/23 23:00:00,A,KM,RT_ELC,UK,2015,13281,
ESTAT:RAIL_IF_TRACKS(1.0),30/01/23 23:00:00,A,KM,RT_ELC,UK,2016,13264,
ESTAT:RAIL_IF_TRACKS(1.0),30/01/23 23:00:00,A,KM,RT_ELC,UK,2017,14347,
ESTAT:RAIL_IF_TRACKS(1.0),30/01/23 23:00:00,A,KM,RT_ELC,UK,2018,14292,
ESTAT:RAIL_IF_TRACKS(1.0),30/01/23 23:00:00,A,KM,RT_ELC,UK,2019,14446,
ESTAT:RAIL_IF_TRACKS(1.0),30/01/23 23:00:00,A,KM,RT_ELC,UK,2020,14532,
ESTAT:RAIL_IF_TRACKS(1.0),30/01/23 23:00:00,A,KM,RT_ELC,UK,2021,14539,
ESTAT:RAIL_IF_TRACKS(1.0),30/01/23 23:00:00,A,KM,RT_ELC,XK,2017,0,
ESTAT:RAIL_IF_TRACKS(1.0),30/01/23 23:00:00,A,KM,RT_ELC,XK,2018,0,
ESTAT:RAIL_IF_TRACKS(1.0),30/01/23 23:00:00,A,KM,RT_ELC,XK,2019,0,
ESTAT:RAIL_IF_TRACKS(1.0),30/01/23 23:00:00,A,KM,RT_NELC,AL,2013,346,
ESTAT:RAIL_IF_TRACKS(1.0),30/01/23 23:00:00,A,KM,RT_NELC,AL,2014,346,
ESTAT:RAIL_IF_TRACKS(1.0),30/01/23 23:00:00,A,KM,RT_NELC,AL,2015,379,
ESTAT:RAIL_IF_TRACKS(1.0),30/01/23 23:00:00,A,KM,RT_NELC,AL,2016,334,
ESTAT:RAIL_IF_TRACKS(1.0),30/01/23 23:00:00,A,KM,RT_NELC,AL,2017,334,
ESTAT:RAIL_IF_TRACKS(1.0),30/01/23 23:00:00,A,KM,RT_NELC,AL,2018,334,
ESTAT:RAIL_IF_TRACKS(1.0),30/01/23 23:00:00,A,KM,RT_NELC,AL,2019,169,
ESTAT:RAIL_IF_TRACKS(1.0),30/01/23 23:00:00,A,KM,RT_NELC,AL,2020,224,
ESTAT:RAIL_IF_TRACKS(1.0),30/01/23 23:00:00,A,KM,RT_NELC,AL,2021,224,
ESTAT:RAIL_IF_TRACKS(1.0),30/01/23 23:00:00,A,KM,RT_NELC,BA,2013,256,
ESTAT:RAIL_IF_TRACKS(1.0),30/01/23 23:00:00,A,KM,RT_NELC,BA,2014,255,
ESTAT:RAIL_IF_TRACKS(1.0),30/01/23 23:00:00,A,KM,RT_NELC,BA,2015,255,
ESTAT:RAIL_IF_TRACKS(1.0),30/01/23 23:00:00,A,KM,RT_NELC,BA,2016,272,
ESTAT:RAIL_IF_TRACKS(1.0),30/01/23 23:00:00,A,KM,RT_NELC,BA,2017,271,
ESTAT:RAIL_IF_TRACKS(1.0),30/01/23 23:00:00,A,KM,RT_NELC,BA,2018,269,
ESTAT:RAIL_IF_TRACKS(1.0),30/01/23 23:00:00,A,KM,RT_NELC,BA,2019,269,
ESTAT:RAIL_IF_TRACKS(1.0),30/01/23 23:00:00,A,KM,RT_NELC,BA,2020,418,
ESTAT:RAIL_IF_TRACKS(1.0),30/01/23 23:00:00,A,KM,RT_NELC,BA,2021,418,
ESTAT:RAIL_IF_TRACKS(1.0),30/01/23 23:00:00,A,KM,RT_NELC,BG,2012,1846,
ESTAT:RAIL_IF_TRACKS(1.0),30/01/23 23:00:00,A,KM,RT_NELC,BG,2013,1767,
ESTAT:RAIL_IF_TRACKS(1.0),30/01/23 23:00:00,A,KM,RT_NELC,BG,2014,1765,
ESTAT:RAIL_IF_TRACKS(1.0),30/01/23 23:00:00,A,KM,RT_NELC,BG,2015,1762,
ESTAT:RAIL_IF_TRACKS(1.0),30/01/23 23:00:00,A,KM,RT_NELC,BG,2016,1748,
ESTAT:RAIL_IF_TRACKS(1.0),30/01/23 23:00:00,A,KM,RT_NELC,BG,2017,1741,
ESTAT:RAIL_IF_TRACKS(1.0),30/01/23 23:00:00,A,KM,RT_NELC,BG,2018,1736,
ESTAT:RAIL_IF_TRACKS(1.0),30/01/23 23:00:00,A,KM,RT_NELC,BG,2019,1738,
ESTAT:RAIL_IF_TRACKS(1.0),30/01/23 23:00:00,A,KM,RT_NELC,BG,2020,1735,
ESTAT:RAIL_IF_TRACKS(1.0),30/01/23 23:00:00,A,KM,RT_NELC,BG,2021,1600,
ESTAT:RAIL_IF_TRACKS(1.0),30/01/23 23:00:00,A,KM,RT_NELC,CZ,2012,8733,
ESTAT:RAIL_IF_TRACKS(1.0),30/01/23 23:00:00,A,KM,RT_NELC,CZ,2013,8681,
ESTAT:RAIL_IF_TRACKS(1.0),30/01/23 23:00:00,A,KM,RT_NELC,CZ,2014,8663,
ESTAT:RAIL_IF_TRACKS(1.0),30/01/23 23:00:00,A,KM,RT_NELC,CZ,2015,8631,
ESTAT:RAIL_IF_TRACKS(1.0),30/01/23 23:00:00,A,KM,RT_NELC,CZ,2016,8600,
ESTAT:RAIL_IF_TRACKS(1.0),30/01/23 23:00:00,A,KM,RT_NELC,CZ,2017,8564,
ESTAT:RAIL_IF_TRACKS(1.0),30/01/23 23:00:00,A,KM,RT_NELC,CZ,2018,8580,
ESTAT:RAIL_IF_TRACKS(1.0),30/01/23 23:00:00,A,KM,RT_NELC,CZ,2019,8486,
ESTAT:RAIL_IF_TRACKS(1.0),30/01/23 23:00:00,A,KM,RT_NELC,CZ,2020,8443,
ESTAT:RAIL_IF_TRACKS(1.0),30/01/23 23:00:00,A,KM,RT_NELC,CZ,2021,8364,
ESTAT:RAIL_IF_TRACKS(1.0),30/01/23 23:00:00,A,KM,RT_NELC,DE,2015,25067,
ESTAT:RAIL_IF_TRACKS(1.0),30/01/23 23:00:00,A,KM,RT_NELC,EE,2012,2032,
ESTAT:RAIL_IF_TRACKS(1.0),30/01/23 23:00:00,A,KM,RT_NELC,EE,2013,2014,
ESTAT:RAIL_IF_TRACKS(1.0),30/01/23 23:00:00,A,KM,RT_NELC,EE,2014,2014,
ESTAT:RAIL_IF_TRACKS(1.0),30/01/23 23:00:00,A,KM,RT_NELC,EE,2015,2012,
ESTAT:RAIL_IF_TRACKS(1.0),30/01/23 23:00:00,A,KM,RT_NELC,EE,2016,2009,
ESTAT:RAIL_IF_TRACKS(1.0),30/01/23 23:00:00,A,KM,RT_NELC,EE,2017,2012,
ESTAT:RAIL_IF_TRACKS(1.0),30/01/23 23:00:00,A,KM,RT_NELC,EE,2018,2008,
ESTAT:RAIL_IF_TRACKS(1.0),30/01/23 23:00:00,A,KM,RT_NELC,EE,2019,2006,
ESTAT:RAIL_IF_TRACKS(1.0),30/01/23 23:00:00,A,KM,RT_NELC,EE,2020,2005,
ESTAT:RAIL_IF_TRACKS(1.0),30/01/23 23:00:00,A,KM,RT_NELC,EE,2021,1918,
ESTAT:RAIL_IF_TRACKS(1.0),30/01/23 23:00:00,A,KM,RT_NELC,EL,2012,2279,
ESTAT:RAIL_IF_TRACKS(1.0),30/01/23 23:00:00,A,KM,RT_NELC,EL,2013,2317,
ESTAT:RAIL_IF_TRACKS(1.0),30/01/23 23:00:00,A,KM,RT_NELC,EL,2014,1881,
ESTAT:RAIL_IF_TRACKS(1.0),30/01/23 23:00:00,A,KM,RT_NELC,EL,2015,1883,
ESTAT:RAIL_IF_TRACKS(1.0),30/01/23 23:00:00,A,KM,RT_NELC,EL,2016,1831,
ESTAT:RAIL_IF_TRACKS(1.0),30/01/23 23:00:00,A,KM,RT_NELC,EL,2017,1807,
ESTAT:RAIL_IF_TRACKS(1.0),30/01/23 23:00:00,A,KM,RT_NELC,EL,2018,1619,
ESTAT:RAIL_IF_TRACKS(1.0),30/01/23 23:00:00,A,KM,RT_NELC,EL,2019,1554,
ESTAT:RAIL_IF_TRACKS(1.0),30/01/23 23:00:00,A,KM,RT_NELC,EL,2020,1684,
ESTAT:RAIL_IF_TRACKS(1.0),30/01/23 23:00:00,A,KM,RT_NELC,EL,2021,1684,
ESTAT:RAIL_IF_TRACKS(1.0),30/01/23 23:00:00,A,KM,RT_NELC,ES,2012,5238,d
ESTAT:RAIL_IF_TRACKS(1.0),30/01/23 23:00:00,A,KM,RT_NELC,ES,2013,6085,
ESTAT:RAIL_IF_TRACKS(1.0),30/01/23 23:00:00,A,KM,RT_NELC,ES,2014,6032,
ESTAT:RAIL_IF_TRACKS(1.0),30/01/23 23:00:00,A,KM,RT_NELC,ES,2015,5687,
ESTAT:RAIL_IF_TRACKS(1.0),30/01/23 23:00:00,A,KM,RT_NELC,ES,2016,5857,
ESTAT:RAIL_IF_TRACKS(1.0),30/01/23 23:00:00,A,KM,RT_NELC,ES,2017,5860,
ESTAT:RAIL_IF_TRACKS(1.0),30/01/23 23:00:00,A,KM,RT_NELC,ES,2018,5831,
ESTAT:RAIL_IF_TRACKS(1.0),30/01/23 23:00:00,A,KM,RT_NELC,ES,2019,5783.709,
ESTAT:RAIL_IF_TRACKS(1.0),30/01/23 23:00:00,A,KM,RT_NELC,ES,2020,5746.048,
ESTAT:RAIL_IF_TRACKS(1.0),30/01/23 23:00:00,A,KM,RT_NELC,ES,2021,5699.019,
ESTAT:RAIL_IF_TRACKS(1.0),30/01/23 23:00:00,A,KM,RT_NELC,FI,2012,4098,
ESTAT:RAIL_IF_TRACKS(1.0),30/01/23 23:00:00,A,KM,RT_NELC,FI,2013,3681,
ESTAT:RAIL_IF_TRACKS(1.0),30/01/23 23:00:00,A,KM,RT_NELC,FI,2014,3531,
ESTAT:RAIL_IF_TRACKS(1.0),30/01/23 23:00:00,A,KM,RT_NELC,FI,2015,3495,b
ESTAT:RAIL_IF_TRACKS(1.0),30/01/23 23:00:00,A,KM,RT_NELC,FI,2016,2660,
ESTAT:RAIL_IF_TRACKS(1.0),30/01/23 23:00:00,A,KM,RT_NELC,FI,2017,2645,
ESTAT:RAIL_IF_TRACKS(1.0),30/01/23 23:00:00,A,KM,RT_NELC,FI,2018,2598,
ESTAT:RAIL_IF_TRACKS(1.0),30/01/23 23:00:00,A,KM,RT_NELC,FI,2019,2595,
ESTAT:RAIL_IF_TRACKS(1.0),30/01/23 23:00:00,A,KM,RT_NELC,FI,2020,2573,
ESTAT:RAIL_IF_TRACKS(1.0),30/01/23 23:00:00,A,KM,RT_NELC,FI,2021,2562,
ESTAT:RAIL_IF_TRACKS(1.0),30/01/23 23:00:00,A,KM,RT_NELC,FR,2013,16260.288,
ESTAT:RAIL_IF_TRACKS(1.0),30/01/23 23:00:00,A,KM,RT_NELC,FR,2014,15733.081,
ESTAT:RAIL_IF_TRACKS(1.0),30/01/23 23:00:00,A,KM,RT_NELC,FR,2015,15450.438,
ESTAT:RAIL_IF_TRACKS(1.0),30/01/23 23:00:00,A,KM,RT_NELC,FR,2016,15212.310,
ESTAT:RAIL_IF_TRACKS(1.0),30/01/23 23:00:00,A,KM,RT_NELC,FR,2017,15081.643,
ESTAT:RAIL_IF_TRACKS(1.0),30/01/23 23:00:00,A,KM,RT_NELC,FR,2018,14799.340,
ESTAT:RAIL_IF_TRACKS(1.0),30/01/23 23:00:00,A,KM,RT_NELC,FR,2019,14739.808,
ESTAT:RAIL_IF_TRACKS(1.0),30/01/23 23:00:00,A,KM,RT_NELC,FR,2020,14595,
ESTAT:RAIL_IF_TRACKS(1.0),30/01/23 23:00:00,A,KM,RT_NELC,FR,2021,14361.785,
ESTAT:RAIL_IF_TRACKS(1.0),30/01/23 23:00:00,A,KM,RT_NELC,HR,2012,2455,
ESTAT:RAIL_IF_TRACKS(1.0),30/01/23 23:00:00,A,KM,RT_NELC,HR,2013,2434,
ESTAT:RAIL_IF_TRACKS(1.0),30/01/23 23:00:00,A,KM,RT_NELC,HR,2014,2364,
ESTAT:RAIL_IF_TRACKS(1.0),30/01/23 23:00:00,A,KM,RT_NELC,HR,2015,2314,
ESTAT:RAIL_IF_TRACKS(1.0),30/01/23 23:00:00,A,KM,RT_NELC,HR,2016,2311,
ESTAT:RAIL_IF_TRACKS(1.0),30/01/23 23:00:00,A,KM,RT_NELC,HR,2017,2303,
ESTAT:RAIL_IF_TRACKS(1.0),30/01/23 23:00:00,A,KM,RT_NELC,HR,2018,2300,
ESTAT:RAIL_IF_TRACKS(1.0),30/01/23 23:00:00,A,KM,RT_NELC,HR,2019,2307,
ESTAT:RAIL_IF_TRACKS(1.0),30/01/23 23:00:00,A,KM,RT_NELC,HR,2020,2315,
ESTAT:RAIL_IF_TRACKS(1.0),30/01/23 23:00:00,A,KM,RT_NELC,HR,2021,2295,
ESTAT:RAIL_IF_TRACKS(1.0),30/01/23 23:00:00,A,KM,RT_NELC,HU,2012,5309.4,
ESTAT:RAIL_IF_TRACKS(1.0),30/01/23 23:00:00,A,KM,RT_NELC,HU,2013,5416.400,
ESTAT:RAIL_IF_TRACKS(1.0),30/01/23 23:00:00,A,KM,RT_NELC,HU,2014,5326,
ESTAT:RAIL_IF_TRACKS(1.0),30/01/23 23:00:00,A,KM,RT_NELC,HU,2015,5259,
ESTAT:RAIL_IF_TRACKS(1.0),30/01/23 23:00:00,A,KM,RT_NELC,HU,2016,6003,
ESTAT:RAIL_IF_TRACKS(1.0),30/01/23 23:00:00,A,KM,RT_NELC,HU,2017,6018,
ESTAT:RAIL_IF_TRACKS(1.0),30/01/23 23:00:00,A,KM,RT_NELC,HU,2018,5827,
ESTAT:RAIL_IF_TRACKS(1.0),30/01/23 23:00:00,A,KM,RT_NELC,HU,2019,5785,
ESTAT:RAIL_IF_TRACKS(1.0),30/01/23 23:00:00,A,KM,RT_NELC,HU,2020,5833,
ESTAT:RAIL_IF_TRACKS(1.0),30/01/23 23:00:00,A,KM,RT_NELC,HU,2021,5824,
ESTAT:RAIL_IF_TRACKS(1.0),30/01/23 23:00:00,A,KM,RT_NELC,IE,2012,2276,
ESTAT:RAIL_IF_TRACKS(1.0),30/01/23 23:00:00,A,KM,RT_NELC,IE,2013,2276,
ESTAT:RAIL_IF_TRACKS(1.0),30/01/23 23:00:00,A,KM,RT_NELC,IE,2014,2276,
ESTAT:RAIL_IF_TRACKS(1.0),30/01/23 23:00:00,A,KM,RT_NELC,IE,2015,2276,
ESTAT:RAIL_IF_TRACKS(1.0),30/01/23 23:00:00,A,KM,RT_NELC,IE,2016,2276,
ESTAT:RAIL_IF_TRACKS(1.0),30/01/23 23:00:00,A,KM,RT_NELC,IE,2017,2276,
ESTAT:RAIL_IF_TRACKS(1.0),30/01/23 23:00:00,A,KM,RT_NELC,IE,2018,2318.500,
ESTAT:RAIL_IF_TRACKS(1.0),30/01/23 23:00:00,A,KM,RT_NELC,IE,2019,2318.500,
ESTAT:RAIL_IF_TRACKS(1.0),30/01/23 23:00:00,A,KM,RT_NELC,IT,2012,4887,
ESTAT:RAIL_IF_TRACKS(1.0),30/01/23 23:00:00,A,KM,RT_NELC,IT,2017,4842,
ESTAT:RAIL_IF_TRACKS(1.0),30/01/23 23:00:00,A,KM,RT_NELC,IT,2018,4840,
ESTAT:RAIL_IF_TRACKS(1.0),30/01/23 23:00:00,A,KM,RT_NELC,IT,2019,4840,
ESTAT:RAIL_IF_TRACKS(1.0),30/01/23 23:00:00,A,KM,RT_NELC,IT,2020,4794,
ESTAT:RAIL_IF_TRACKS(1.0),30/01/23 23:00:00,A,KM,RT_NELC,IT,2021,4748,
ESTAT:RAIL_IF_TRACKS(1.0),30/01/23 23:00:00,A,KM,RT_NELC,LT,2012,1946.4,
ESTAT:RAIL_IF_TRACKS(1.0),30/01/23 23:00:00,A,KM,RT_NELC,LT,2013,1946.400,
ESTAT:RAIL_IF_TRACKS(1.0),30/01/23 23:00:00,A,KM,RT_NELC,LT,2014,1946.200,
ESTAT:RAIL_IF_TRACKS(1.0),30/01/23 23:00:00,A,KM,RT_NELC,LT,2015,2093.200,
ESTAT:RAIL_IF_TRACKS(1.0),30/01/23 23:00:00,A,KM,RT_NELC,LT,2016,2093.400,
ESTAT:RAIL_IF_TRACKS(1.0),30/01/23 23:00:00,A,KM,RT_NELC,LT,2017,2032.800,
ESTAT:RAIL_IF_TRACKS(1.0),30/01/23 23:00:00,A,KM,RT_NELC,LT,2018,2032.200,
ESTAT:RAIL_IF_TRACKS(1.0),30/01/23 23:00:00,A,KM,RT_NELC,LT,2019,2028.400,
ESTAT:RAIL_IF_TRACKS(1.0),30/01/23 23:00:00,A,KM,RT_NELC,LT,2020,2028.500,
ESTAT:RAIL_IF_TRACKS(1.0),30/01/23 23:00:00,A,KM,RT_NELC,LT,2021,2028.500,
ESTAT:RAIL_IF_TRACKS(1.0),30/01/23 23:00:00,A,KM,RT_NELC,LU,2012,31,
ESTAT:RAIL_IF_TRACKS(1.0),30/01/23 23:00:00,A,KM,RT_NELC,LU,2013,31,
ESTAT:RAIL_IF_TRACKS(1.0),30/01/23 23:00:00,A,KM,RT_NELC,LU,2014,31,
ESTAT:RAIL_IF_TRACKS(1.0),30/01/23 23:00:00,A,KM,RT_NELC,LU,2015,36,
ESTAT:RAIL_IF_TRACKS(1.0),30/01/23 23:00:00,A,KM,RT_NELC,LU,2016,36,
ESTAT:RAIL_IF_TRACKS(1.0),30/01/23 23:00:00,A,KM,RT_NELC,LU,2017,32,
ESTAT:RAIL_IF_TRACKS(1.0),30/01/23 23:00:00,A,KM,RT_NELC,LU,2018,32,
ESTAT:RAIL_IF_TRACKS(1.0),30/01/23 23:00:00,A,KM,RT_NELC,LU,2019,32,
ESTAT:RAIL_IF_TRACKS(1.0),30/01/23 23:00:00,A,KM,RT_NELC,LU,2020,32,
ESTAT:RAIL_IF_TRACKS(1.0),30/01/23 23:00:00,A,KM,RT_NELC,LU,2021,36,
ESTAT:RAIL_IF_TRACKS(1.0),30/01/23 23:00:00,A,KM,RT_NELC,LV,2012,1662,
ESTAT:RAIL_IF_TRACKS(1.0),30/01/23 23:00:00,A,KM,RT_NELC,LV,2013,1667,
ESTAT:RAIL_IF_TRACKS(1.0),30/01/23 23:00:00,A,KM,RT_NELC,LV,2014,1712,
ESTAT:RAIL_IF_TRACKS(1.0),30/01/23 23:00:00,A,KM,RT_NELC,LV,2015,1715,
ESTAT:RAIL_IF_TRACKS(1.0),30/01/23 23:00:00,A,KM,RT_NELC,LV,2016,1715,
ESTAT:RAIL_IF_TRACKS(1.0),30/01/23 23:00:00,A,KM,RT_NELC,LV,2017,1715,
ESTAT:RAIL_IF_TRACKS(1.0),30/01/23 23:00:00,A,KM,RT_NELC,LV,2018,1715,
ESTAT:RAIL_IF_TRACKS(1.0),30/01/23 23:00:00,A,KM,RT_NELC,LV,2019,1715,
ESTAT:RAIL_IF_TRACKS(1.0),30/01/23 23:00:00,A,KM,RT_NELC,LV,2020,1713.800,
ESTAT:RAIL_IF_TRACKS(1.0),30/01/23 23:00:00,A,KM,RT_NELC,LV,2021,1710.800,
ESTAT:RAIL_IF_TRACKS(1.0),30/01/23 23:00:00,A,KM,RT_NELC,ME,2016,25,
ESTAT:RAIL_IF_TRACKS(1.0),30/01/23 23:00:00,A,KM,RT_NELC,ME,2017,25,
ESTAT:RAIL_IF_TRACKS(1.0),30/01/23 23:00:00,A,KM,RT_NELC,ME,2018,25,
ESTAT:RAIL_IF_TRACKS(1.0),30/01/23 23:00:00,A,KM,RT_NELC,ME,2019,25,
ESTAT:RAIL_IF_TRACKS(1.0),30/01/23 23:00:00,A,KM,RT_NELC,MK,2012,597,
ESTAT:RAIL_IF_TRACKS(1.0),30/01/23 23:00:00,A,KM,RT_NELC,MK,2013,465,
ESTAT:RAIL_IF_TRACKS(1.0),30/01/23 23:00:00,A,KM,RT_NELC,MK,2014,465,
ESTAT:RAIL_IF_TRACKS(1.0),30/01/23 23:00:00,A,KM,RT_NELC,MK,2015,465,
ESTAT:RAIL_IF_TRACKS(1.0),30/01/23 23:00:00,A,KM,RT_NELC,MK,2016,449,
ESTAT:RAIL_IF_TRACKS(1.0),30/01/23 23:00:00,A,KM,RT_NELC,MK,2017,449,
ESTAT:RAIL_IF_TRACKS(1.0),30/01/23 23:00:00,A,KM,RT_NELC,MK,2018,449,
ESTAT:RAIL_IF_TRACKS(1.0),30/01/23 23:00:00,A,KM,RT_NELC,MK,2019,449,
ESTAT:RAIL_IF_TRACKS(1.0),30/01/23 23:00:00,A,KM,RT_NELC,MK,2020,449,
ESTAT:RAIL_IF_TRACKS(1.0),30/01/23 23:00:00,A,KM,RT_NELC,MK,2021,449,
ESTAT:RAIL_IF_TRACKS(1.0),30/01/23 23:00:00,A,KM,RT_NELC,NL,2016,744,
ESTAT:RAIL_IF_TRACKS(1.0),30/01/23 23:00:00,A,KM,RT_NELC,NL,2017,745,
ESTAT:RAIL_IF_TRACKS(1.0),30/01/23 23:00:00,A,KM,RT_NELC,NL,2018,815,
ESTAT:RAIL_IF_TRACKS(1.0),30/01/23 23:00:00,A,KM,RT_NELC,NL,2019,815,
ESTAT:RAIL_IF_TRACKS(1.0),30/01/23 23:00:00,A,KM,RT_NELC,NL,2020,2225,
ESTAT:RAIL_IF_TRACKS(1.0),30/01/23 23:00:00,A,KM,RT_NELC,NL,2021,2264,
ESTAT:RAIL_IF_TRACKS(1.0),30/01/23 23:00:00,A,KM,RT_NELC,NO,2012,1393,
ESTAT:RAIL_IF_TRACKS(1.0),30/01/23 23:00:00,A,KM,RT_NELC,NO,2013,1397,
ESTAT:RAIL_IF_TRACKS(1.0),30/01/23 23:00:00,A,KM,RT_NELC,NO,2014,1436,
ESTAT:RAIL_IF_TRACKS(1.0),30/01/23 23:00:00,A,KM,RT_NELC,NO,2015,1436,
ESTAT:RAIL_IF_TRACKS(1.0),30/01/23 23:00:00,A,KM,RT_NELC,NO,2016,1436,
ESTAT:RAIL_IF_TRACKS(1.0),30/01/23 23:00:00,A,KM,RT_NELC,NO,2017,1480,
ESTAT:RAIL_IF_TRACKS(1.0),30/01/23 23:00:00,A,KM,RT_NELC,NO,2018,1407,
ESTAT:RAIL_IF_TRACKS(1.0),30/01/23 23:00:00,A,KM,RT_NELC,NO,2019,1407,
ESTAT:RAIL_IF_TRACKS(1.0),30/01/23 23:00:00,A,KM,RT_NELC,PL,2012,12554,
ESTAT:RAIL_IF_TRACKS(1.0),30/01/23 23:00:00,A,KM,RT_NELC,PL,2013,11939,
ESTAT:RAIL_IF_TRACKS(1.0),30/01/23 23:00:00,A,KM,RT_NELC,PL,2014,12435,
ESTAT:RAIL_IF_TRACKS(1.0),30/01/23 23:00:00,A,KM,RT_NELC,PL,2015,12664,
ESTAT:RAIL_IF_TRACKS(1.0),30/01/23 23:00:00,A,KM,RT_NELC,PL,2016,12456,
ESTAT:RAIL_IF_TRACKS(1.0),30/01/23 23:00:00,A,KM,RT_NELC,PL,2017,12296,
ESTAT:RAIL_IF_TRACKS(1.0),30/01/23 23:00:00,A,KM,RT_NELC,PL,2018,12114,b
ESTAT:RAIL_IF_TRACKS(1.0),30/01/23 23:00:00,A,KM,RT_NELC,PL,2019,12097,
ESTAT:RAIL_IF_TRACKS(1.0),30/01/23 23:00:00,A,KM,RT_NELC,PL,2020,12124,
ESTAT:RAIL_IF_TRACKS(1.0),30/01/23 23:00:00,A,KM,RT_NELC,PL,2021,12207,
ESTAT:RAIL_IF_TRACKS(1.0),30/01/23 23:00:00,A,KM,RT_NELC,PT,2012,911.2,
ESTAT:RAIL_IF_TRACKS(1.0),30/01/23 23:00:00,A,KM,RT_NELC,PT,2013,914.300,
ESTAT:RAIL_IF_TRACKS(1.0),30/01/23 23:00:00,A,KM,RT_NELC,PT,2014,915.600,
ESTAT:RAIL_IF_TRACKS(1.0),30/01/23 23:00:00,A,KM,RT_NELC,PT,2015,906.900,
ESTAT:RAIL_IF_TRACKS(1.0),30/01/23 23:00:00,A,KM,RT_NELC,PT,2016,906.900,
ESTAT:RAIL_IF_TRACKS(1.0),30/01/23 23:00:00,A,KM,RT_NELC,PT,2017,906.900,
ESTAT:RAIL_IF_TRACKS(1.0),30/01/23 23:00:00,A,KM,RT_NELC,PT,2018,906.900,
ESTAT:RAIL_IF_TRACKS(1.0),30/01/23 23:00:00,A,KM,RT_NELC,PT,2019,830.500,
ESTAT:RAIL_IF_TRACKS(1.0),30/01/23 23:00:00,A,KM,RT_NELC,PT,2020,830.500,
ESTAT:RAIL_IF_TRACKS(1.0),30/01/23 23:00:00,A,KM,RT_NELC,PT,2021,735.900,
ESTAT:RAIL_IF_TRACKS(1.0),30/01/23 23:00:00,A,KM,RT_NELC,RO,2012,11566,
ESTAT:RAIL_IF_TRACKS(1.0),30/01/23 23:00:00,A,KM,RT_NELC,RO,2013,11735,
ESTAT:RAIL_IF_TRACKS(1.0),30/01/23 23:00:00,A,KM,RT_NELC,RO,2014,11708,
ESTAT:RAIL_IF_TRACKS(1.0),30/01/23 23:00:00,A,KM,RT_NELC,RO,2015,11630,
ESTAT:RAIL_IF_TRACKS(1.0),30/01/23 23:00:00,A,KM,RT_NELC,RO,2016,11632,
ESTAT:RAIL_IF_TRACKS(1.0),30/01/23 23:00:00,A,KM,RT_NELC,RO,2017,11621,
ESTAT:RAIL_IF_TRACKS(1.0),30/01/23 23:00:00,A,KM,RT_NELC,RO,2018,11582,
ESTAT:RAIL_IF_TRACKS(1.0),30/01/23 23:00:00,A,KM,RT_NELC,RO,2019,11560,
ESTAT:RAIL_IF_TRACKS(1.0),30/01/23 23:00:00,A,KM,RT_NELC,RO,2020,11543,
ESTAT:RAIL_IF_TRACKS(1.0),30/01/23 23:00:00,A,KM,RT_NELC,RO,2021,11535,
ESTAT:RAIL_IF_TRACKS(1.0),30/01/23 23:00:00,A,KM,RT_NELC,RS,2013,3272,
ESTAT:RAIL_IF_TRACKS(1.0),30/01/23 23:00:00,A,KM,RT_NELC,RS,2014,3211,
ESTAT:RAIL_IF_TRACKS(1.0),30/01/23 23:00:00,A,KM,RT_NELC,RS,2015,2993,
ESTAT:RAIL_IF_TRACKS(1.0),30/01/23 23:00:00,A,KM,RT_NELC,RS,2016,2993,
ESTAT:RAIL_IF_TRACKS(1.0),30/01/23 23:00:00,A,KM,RT_NELC,RS,2017,2976,
ESTAT:RAIL_IF_TRACKS(1.0),30/01/23 23:00:00,A,KM,RT_NELC,RS,2019,2947,
ESTAT:RAIL_IF_TRACKS(1.0),30/01/23 23:00:00,A,KM,RT_NELC,RS,2020,2572,
ESTAT:RAIL_IF_TRACKS(1.0),30/01/23 23:00:00,A,KM,RT_NELC,SE,2012,3681,
ESTAT:RAIL_IF_TRACKS(1.0),30/01/23 23:00:00,A,KM,RT_NELC,SE,2013,3433,
ESTAT:RAIL_IF_TRACKS(1.0),30/01/23 23:00:00,A,KM,RT_NELC,SE,2014,3231,
ESTAT:RAIL_IF_TRACKS(1.0),30/01/23 23:00:00,A,KM,RT_NELC,SE,2015,3280,
ESTAT:RAIL_IF_TRACKS(1.0),30/01/23 23:00:00,A,KM,RT_NELC,SE,2016,3370,
ESTAT:RAIL_IF_TRACKS(1.0),30/01/23 23:00:00,A,KM,RT_NELC,SE,2017,3447,
ESTAT:RAIL_IF_TRACKS(1.0),30/01/23 23:00:00,A,KM,RT_NELC,SE,2018,3425,
ESTAT:RAIL_IF_TRACKS(1.0),30/01/23 23:00:00,A,KM,RT_NELC,SE,2019,3399,
ESTAT:RAIL_IF_TRACKS(1.0),30/01/23 23:00:00,A,KM,RT_NELC,SE,2020,3391,
ESTAT:RAIL_IF_TRACKS(1.0),30/01/23 23:00:00,A,KM,RT_NELC,SE,2021,12152,
ESTAT:RAIL_IF_TRACKS(1.0),30/01/23 23:00:00,A,KM,RT_NELC,SI,2012,888,
ESTAT:RAIL_IF_TRACKS(1.0),30/01/23 23:00:00,A,KM,RT_NELC,SI,2013,889,
ESTAT:RAIL_IF_TRACKS(1.0),30/01/23 23:00:00,A,KM,RT_NELC,SI,2014,889,
ESTAT:RAIL_IF_TRACKS(1.0),30/01/23 23:00:00,A,KM,RT_NELC,SI,2015,889,
ESTAT:RAIL_IF_TRACKS(1.0),30/01/23 23:00:00,A,KM,RT_NELC,SI,2016,889,
ESTAT:RAIL_IF_TRACKS(1.0),30/01/23 23:00:00,A,KM,RT_NELC,SI,2017,713,
ESTAT:RAIL_IF_TRACKS(1.0),30/01/23 23:00:00,A,KM,RT_NELC,SI,2018,713,
ESTAT:RAIL_IF_TRACKS(1.0),30/01/23 23:00:00,A,KM,RT_NELC,SI,2019,713,
ESTAT:RAIL_IF_TRACKS(1.0),30/01/23 23:00:00,A,KM,RT_NELC,SI,2020,599,
ESTAT:RAIL_IF_TRACKS(1.0),30/01/23 23:00:00,A,KM,RT_NELC,SI,2021,599,
ESTAT:RAIL_IF_TRACKS(1.0),30/01/23 23:00:00,A,KM,RT_NELC,SK,2012,2045,
ESTAT:RAIL_IF_TRACKS(1.0),30/01/23 23:00:00,A,KM,RT_NELC,TR,2012,8320,
ESTAT:RAIL_IF_TRACKS(1.0),30/01/23 23:00:00,A,KM,RT_NELC,TR,2013,8313,
ESTAT:RAIL_IF_TRACKS(1.0),30/01/23 23:00:00,A,KM,RT_NELC,TR,2014,8305,
ESTAT:RAIL_IF_TRACKS(1.0),30/01/23 23:00:00,A,KM,RT_NELC,TR,2015,8245,
ESTAT:RAIL_IF_TRACKS(1.0),30/01/23 23:00:00,A,KM,RT_NELC,TR,2016,7749,
ESTAT:RAIL_IF_TRACKS(1.0),30/01/23 23:00:00,A,KM,RT_NELC,TR,2017,7515,
ESTAT:RAIL_IF_TRACKS(1.0),30/01/23 23:00:00,A,KM,RT_NELC,TR,2018,6942,
ESTAT:RAIL_IF_TRACKS(1.0),30/01/23 23:00:00,A,KM,RT_NELC,TR,2019,6719,
ESTAT:RAIL_IF_TRACKS(1.0),30/01/23 23:00:00,A,KM,RT_NELC,UK,2012,18736,
ESTAT:RAIL_IF_TRACKS(1.0),30/01/23 23:00:00,A,KM,RT_NELC,UK,2013,18676,
ESTAT:RAIL_IF_TRACKS(1.0),30/01/23 23:00:00,A,KM,RT_NELC,UK,2014,18558,
ESTAT:RAIL_IF_TRACKS(1.0),30/01/23 23:00:00,A,KM,RT_NELC,UK,2015,18602,
ESTAT:RAIL_IF_TRACKS(1.0),30/01/23 23:00:00,A,KM,RT_NELC,UK,2016,18646,
ESTAT:RAIL_IF_TRACKS(1.0),30/01/23 23:00:00,A,KM,RT_NELC,UK,2017,17380,
ESTAT:RAIL_IF_TRACKS(1.0),30/01/23 23:00:00,A,KM,RT_NELC,UK,2018,17488,
ESTAT:RAIL_IF_TRACKS(1.0),30/01/23 23:00:00,A,KM,RT_NELC,UK,2019,17461.003,
ESTAT:RAIL_IF_TRACKS(1.0),30/01/23 23:00:00,A,KM,RT_NELC,UK,2020,17407.600,
ESTAT:RAIL_IF_TRACKS(1.0),30/01/23 23:00:00,A,KM,RT_NELC,UK,2021,17359,
ESTAT:RAIL_IF_TRACKS(1.0),30/01/23 23:00:00,A,KM,RT_NELC,XK,2017,440,
ESTAT:RAIL_IF_TRACKS(1.0),30/01/23 23:00:00,A,KM,RT_NELC,XK,2018,440,
ESTAT:RAIL_IF_TRACKS(1.0),30/01/23 23:00:00,A,KM,RT_NELC,XK,2019,440,
ESTAT:RAIL_IF_TRACKS(1.0),30/01/23 23:00:00,A,KM,TOTAL,AL,2013,346,
ESTAT:RAIL_IF_TRACKS(1.0),30/01/23 23:00:00,A,KM,TOTAL,AL,2014,346,
ESTAT:RAIL_IF_TRACKS(1.0),30/01/23 23:00:00,A,KM,TOTAL,AL,2015,379,
ESTAT:RAIL_IF_TRACKS(1.0),30/01/23 23:00:00,A,KM,TOTAL,AL,2016,334,
ESTAT:RAIL_IF_TRACKS(1.0),30/01/23 23:00:00,A,KM,TOTAL,AL,2017,334,
ESTAT:RAIL_IF_TRACKS(1.0),30/01/23 23:00:00,A,KM,TOTAL,AL,2018,334,
ESTAT:RAIL_IF_TRACKS(1.0),30/01/23 23:00:00,A,KM,TOTAL,AL,2019,169,
ESTAT:RAIL_IF_TRACKS(1.0),30/01/23 23:00:00,A,KM,TOTAL,AL,2020,224,
ESTAT:RAIL_IF_TRACKS(1.0),30/01/23 23:00:00,A,KM,TOTAL,AL,2021,224,
ESTAT:RAIL_IF_TRACKS(1.0),30/01/23 23:00:00,A,KM,TOTAL,BA,2013,1027,
ESTAT:RAIL_IF_TRACKS(1.0),30/01/23 23:00:00,A,KM,TOTAL,BA,2014,1027,
ESTAT:RAIL_IF_TRACKS(1.0),30/01/23 23:00:00,A,KM,TOTAL,BA,2015,1027,
ESTAT:RAIL_IF_TRACKS(1.0),30/01/23 23:00:00,A,KM,TOTAL,BA,2016,1018,
ESTAT:RAIL_IF_TRACKS(1.0),30/01/23 23:00:00,A,KM,TOTAL,BA,2017,1018,
ESTAT:RAIL_IF_TRACKS(1.0),30/01/23 23:00:00,A,KM,TOTAL,BA,2018,1018,
ESTAT:RAIL_IF_TRACKS(1.0),30/01/23 23:00:00,A,KM,TOTAL,BA,2019,1018,
ESTAT:RAIL_IF_TRACKS(1.0),30/01/23 23:00:00,A,KM,TOTAL,BA,2020,1476,
ESTAT:RAIL_IF_TRACKS(1.0),30/01/23 23:00:00,A,KM,TOTAL,BA,2021,1476,
ESTAT:RAIL_IF_TRACKS(1.0),30/01/23 23:00:00,A,KM,TOTAL,BG,2012,5658,
ESTAT:RAIL_IF_TRACKS(1.0),30/01/23 23:00:00,A,KM,TOTAL,BG,2013,5540,
ESTAT:RAIL_IF_TRACKS(1.0),30/01/23 23:00:00,A,KM,TOTAL,BG,2014,5493,
ESTAT:RAIL_IF_TRACKS(1.0),30/01/23 23:00:00,A,KM,TOTAL,BG,2015,5486,
ESTAT:RAIL_IF_TRACKS(1.0),30/01/23 23:00:00,A,KM,TOTAL,BG,2016,5486,
ESTAT:RAIL_IF_TRACKS(1.0),30/01/23 23:00:00,A,KM,TOTAL,BG,2017,5468,
ESTAT:RAIL_IF_TRACKS(1.0),30/01/23 23:00:00,A,KM,TOTAL,BG,2018,5470,
ESTAT:RAIL_IF_TRACKS(1.0),30/01/23 23:00:00,A,KM,TOTAL,BG,2019,5466,
ESTAT:RAIL_IF_TRACKS(1.0),30/01/23 23:00:00,A,KM,TOTAL,BG,2020,5464,
ESTAT:RAIL_IF_TRACKS(1.0),30/01/23 23:00:00,A,KM,TOTAL,BG,2021,5460,
ESTAT:RAIL_IF_TRACKS(1.0),30/01/23 23:00:00,A,KM,TOTAL,CZ,2012,15636,
ESTAT:RAIL_IF_TRACKS(1.0),30/01/23 23:00:00,A,KM,TOTAL,CZ,2013,15607,
ESTAT:RAIL_IF_TRACKS(1.0),30/01/23 23:00:00,A,KM,TOTAL,CZ,2014,15578,
ESTAT:RAIL_IF_TRACKS(1.0),30/01/23 23:00:00,A,KM,TOTAL,CZ,2015,15570,
ESTAT:RAIL_IF_TRACKS(1.0),30/01/23 23:00:00,A,KM,TOTAL,CZ,2016,15539,
ESTAT:RAIL_IF_TRACKS(1.0),30/01/23 23:00:00,A,KM,TOTAL,CZ,2017,15519,
ESTAT:RAIL_IF_TRACKS(1.0),30/01/23 23:00:00,A,KM,TOTAL,CZ,2018,15488,
ESTAT:RAIL_IF_TRACKS(1.0),30/01/23 23:00:00,A,KM,TOTAL,CZ,2019,15418,
ESTAT:RAIL_IF_TRACKS(1.0),30/01/23 23:00:00,A,KM,TOTAL,CZ,2020,15360,
ESTAT:RAIL_IF_TRACKS(1.0),30/01/23 23:00:00,A,KM,TOTAL,CZ,2021,15261,
ESTAT:RAIL_IF_TRACKS(1.0),30/01/23 23:00:00,A,KM,TOTAL,DE,2012,69395,
ESTAT:RAIL_IF_TRACKS(1.0),30/01/23 23:00:00,A,KM,TOTAL,DE,2013,69247,
ESTAT:RAIL_IF_TRACKS(1.0),30/01/23 23:00:00,A,KM,TOTAL,DE,2014,69092,
ESTAT:RAIL_IF_TRACKS(1.0),30/01/23 23:00:00,A,KM,TOTAL,DE,2015,67400,
ESTAT:RAIL_IF_TRACKS(1.0),30/01/23 23:00:00,A,KM,TOTAL,EE,2012,2164,
ESTAT:RAIL_IF_TRACKS(1.0),30/01/23 23:00:00,A,KM,TOTAL,EE,2013,2146,
ESTAT:RAIL_IF_TRACKS(1.0),30/01/23 23:00:00,A,KM,TOTAL,EE,2014,2146,
ESTAT:RAIL_IF_TRACKS(1.0),30/01/23 23:00:00,A,KM,TOTAL,EE,2015,2144,
ESTAT:RAIL_IF_TRACKS(1.0),30/01/23 23:00:00,A,KM,TOTAL,EE,2016,2141,
ESTAT:RAIL_IF_TRACKS(1.0),30/01/23 23:00:00,A,KM,TOTAL,EE,2017,2141,
ESTAT:RAIL_IF_TRACKS(1.0),30/01/23 23:00:00,A,KM,TOTAL,EE,2018,2140,
ESTAT:RAIL_IF_TRACKS(1.0),30/01/23 23:00:00,A,KM,TOTAL,EE,2019,2144,
ESTAT:RAIL_IF_TRACKS(1.0),30/01/23 23:00:00,A,KM,TOTAL,EE,2020,2143,
ESTAT:RAIL_IF_TRACKS(1.0),30/01/23 23:00:00,A,KM,TOTAL,EE,2021,2143,
ESTAT:RAIL_IF_TRACKS(1.0),30/01/23 23:00:00,A,KM,TOTAL,EL,2012,3076,
ESTAT:RAIL_IF_TRACKS(1.0),30/01/23 23:00:00,A,KM,TOTAL,EL,2013,3109,
ESTAT:RAIL_IF_TRACKS(1.0),30/01/23 23:00:00,A,KM,TOTAL,EL,2014,2762,
ESTAT:RAIL_IF_TRACKS(1.0),30/01/23 23:00:00,A,KM,TOTAL,EL,2015,2764,
ESTAT:RAIL_IF_TRACKS(1.0),30/01/23 23:00:00,A,KM,TOTAL,EL,2016,2764,
ESTAT:RAIL_IF_TRACKS(1.0),30/01/23 23:00:00,A,KM,TOTAL,EL,2017,2764,
ESTAT:RAIL_IF_TRACKS(1.0),30/01/23 23:00:00,A,KM,TOTAL,EL,2018,2870,
ESTAT:RAIL_IF_TRACKS(1.0),30/01/23 23:00:00,A,KM,TOTAL,EL,2019,2909,
ESTAT:RAIL_IF_TRACKS(1.0),30/01/23 23:00:00,A,KM,TOTAL,EL,2020,3039,
ESTAT:RAIL_IF_TRACKS(1.0),30/01/23 23:00:00,A,KM,TOTAL,EL,2021,3039,
ESTAT:RAIL_IF_TRACKS(1.0),30/01/23 23:00:00,A,KM,TOTAL,ES,2012,19285,d
ESTAT:RAIL_IF_TRACKS(1.0),30/01/23 23:00:00,A,KM,TOTAL,ES,2013,20861,
ESTAT:RAIL_IF_TRACKS(1.0),30/01/23 23:00:00,A,KM,TOTAL,ES,2014,20761,
ESTAT:RAIL_IF_TRACKS(1.0),30/01/23 23:00:00,A,KM,TOTAL,ES,2015,21122,
ESTAT:RAIL_IF_TRACKS(1.0),30/01/23 23:00:00,A,KM,TOTAL,ES,2016,22080,
ESTAT:RAIL_IF_TRACKS(1.0),30/01/23 23:00:00,A,KM,TOTAL,ES,2017,21853,
ESTAT:RAIL_IF_TRACKS(1.0),30/01/23 23:00:00,A,KM,TOTAL,ES,2018,21882,
ESTAT:RAIL_IF_TRACKS(1.0),30/01/23 23:00:00,A,KM,TOTAL,ES,2019,21988.013,
ESTAT:RAIL_IF_TRACKS(1.0),30/01/23 23:00:00,A,KM,TOTAL,ES,2020,22273.796,
ESTAT:RAIL_IF_TRACKS(1.0),30/01/23 23:00:00,A,KM,TOTAL,ES,2021,22526.471,
ESTAT:RAIL_IF_TRACKS(1.0),30/01/23 23:00:00,A,KM,TOTAL,FI,2012,8883,
ESTAT:RAIL_IF_TRACKS(1.0),30/01/23 23:00:00,A,KM,TOTAL,FI,2013,8523,
ESTAT:RAIL_IF_TRACKS(1.0),30/01/23 23:00:00,A,KM,TOTAL,FI,2014,8485,
ESTAT:RAIL_IF_TRACKS(1.0),30/01/23 23:00:00,A,KM,TOTAL,FI,2015,8483,b
ESTAT:RAIL_IF_TRACKS(1.0),30/01/23 23:00:00,A,KM,TOTAL,FI,2016,6701,
ESTAT:RAIL_IF_TRACKS(1.0),30/01/23 23:00:00,A,KM,TOTAL,FI,2017,6708,
ESTAT:RAIL_IF_TRACKS(1.0),30/01/23 23:00:00,A,KM,TOTAL,FI,2018,6712,
ESTAT:RAIL_IF_TRACKS(1.0),30/01/23 23:00:00,A,KM,TOTAL,FI,2019,6712,
ESTAT:RAIL_IF_TRACKS(1.0),30/01/23 23:00:00,A,KM,TOTAL,FI,2020,6707,
ESTAT:RAIL_IF_TRACKS(1.0),30/01/23 23:00:00,A,KM,TOTAL,FI,2021,6707,
ESTAT:RAIL_IF_TRACKS(1.0),30/01/23 23:00:00,A,KM,TOTAL,FR,2013,53506.875,
ESTAT:RAIL_IF_TRACKS(1.0),30/01/23 23:00:00,A,KM,TOTAL,FR,2014,51772.022,
ESTAT:RAIL_IF_TRACKS(1.0),30/01/23 23:00:00,A,KM,TOTAL,FR,2015,50841.944,
ESTAT:RAIL_IF_TRACKS(1.0),30/01/23 23:00:00,A,KM,TOTAL,FR,2016,50058.348,
ESTAT:RAIL_IF_TRACKS(1.0),30/01/23 23:00:00,A,KM,TOTAL,FR,2017,49628.371,
ESTAT:RAIL_IF_TRACKS(1.0),30/01/23 23:00:00,A,KM,TOTAL,FR,2018,48699.410,
ESTAT:RAIL_IF_TRACKS(1.0),30/01/23 23:00:00,A,KM,TOTAL,FR,2019,48503.511,
ESTAT:RAIL_IF_TRACKS(1.0),30/01/23 23:00:00,A,KM,TOTAL,FR,2020,48027,
ESTAT:RAIL_IF_TRACKS(1.0),30/01/23 23:00:00,A,KM,TOTAL,FR,2021,47870.149,
ESTAT:RAIL_IF_TRACKS(1.0),30/01/23 23:00:00,A,KM,TOTAL,HR,2012,4105,
ESTAT:RAIL_IF_TRACKS(1.0),30/01/23 23:00:00,A,KM,TOTAL,HR,2013,4090,
ESTAT:RAIL_IF_TRACKS(1.0),30/01/23 23:00:00,A,KM,TOTAL,HR,2014,4014,
ESTAT:RAIL_IF_TRACKS(1.0),30/01/23 23:00:00,A,KM,TOTAL,HR,2015,3968,
ESTAT:RAIL_IF_TRACKS(1.0),30/01/23 23:00:00,A,KM,TOTAL,HR,2016,3950,
ESTAT:RAIL_IF_TRACKS(1.0),30/01/23 23:00:00,A,KM,TOTAL,HR,2017,3942,
ESTAT:RAIL_IF_TRACKS(1.0),30/01/23 23:00:00,A,KM,TOTAL,HR,2018,3940,
ESTAT:RAIL_IF_TRACKS(1.0),30/01/23 23:00:00,A,KM,TOTAL,HR,2019,3945,
ESTAT:RAIL_IF_TRACKS(1.0),30/01/23 23:00:00,A,KM,TOTAL,HR,2020,3950,
ESTAT:RAIL_IF_TRACKS(1.0),30/01/23 23:00:00,A,KM,TOTAL,HR,2021,3944,
ESTAT:RAIL_IF_TRACKS(1.0),30/01/23 23:00:00,A,KM,TOTAL,HU,2012,9421.3,
ESTAT:RAIL_IF_TRACKS(1.0),30/01/23 23:00:00,A,KM,TOTAL,HU,2013,9523.200,
ESTAT:RAIL_IF_TRACKS(1.0),30/01/23 23:00:00,A,KM,TOTAL,HU,2014,9359,
ESTAT:RAIL_IF_TRACKS(1.0),30/01/23 23:00:00,A,KM,TOTAL,HU,2015,9358,
ESTAT:RAIL_IF_TRACKS(1.0),30/01/23 23:00:00,A,KM,TOTAL,HU,2016,11424,
ESTAT:RAIL_IF_TRACKS(1.0),30/01/23 23:00:00,A,KM,TOTAL,HU,2017,11524,
ESTAT:RAIL_IF_TRACKS(1.0),30/01/23 23:00:00,A,KM,TOTAL,HU,2018,11336,
ESTAT:RAIL_IF_TRACKS(1.0),30/01/23 23:00:00,A,KM,TOTAL,HU,2019,11345,
ESTAT:RAIL_IF_TRACKS(1.0),30/01/23 23:00:00,A,KM,TOTAL,HU,2020,11393,
ESTAT:RAIL_IF_TRACKS(1.0),30/01/23 23:00:00,A,KM,TOTAL,HU,2021,11586,
ESTAT:RAIL_IF_TRACKS(1.0),30/01/23 23:00:00,A,KM,TOTAL,IE,2012,2421,
ESTAT:RAIL_IF_TRACKS(1.0),30/01/23 23:00:00,A,KM,TOTAL,IE,2013,2421,
ESTAT:RAIL_IF_TRACKS(1.0),30/01/23 23:00:00,A,KM,TOTAL,IE,2014,2421,
ESTAT:RAIL_IF_TRACKS(1.0),30/01/23 23:00:00,A,KM,TOTAL,IE,2015,2421,
ESTAT:RAIL_IF_TRACKS(1.0),30/01/23 23:00:00,A,KM,TOTAL,IE,2016,2421,
ESTAT:RAIL_IF_TRACKS(1.0),30/01/23 23:00:00,A,KM,TOTAL,IE,2017,2421,
ESTAT:RAIL_IF_TRACKS(1.0),30/01/23 23:00:00,A,KM,TOTAL,IE,2018,2468.500,
ESTAT:RAIL_IF_TRACKS(1.0),30/01/23 23:00:00,A,KM,TOTAL,IE,2019,2476.800,
ESTAT:RAIL_IF_TRACKS(1.0),30/01/23 23:00:00,A,KM,TOTAL,IT,2012,24277,
ESTAT:RAIL_IF_TRACKS(1.0),30/01/23 23:00:00,A,KM,TOTAL,IT,2013,24292,
ESTAT:RAIL_IF_TRACKS(1.0),30/01/23 23:00:00,A,KM,TOTAL,IT,2014,24278,
ESTAT:RAIL_IF_TRACKS(1.0),30/01/23 23:00:00,A,KM,TOTAL,IT,2015,24286,
ESTAT:RAIL_IF_TRACKS(1.0),30/01/23 23:00:00,A,KM,TOTAL,IT,2016,24435,
ESTAT:RAIL_IF_TRACKS(1.0),30/01/23 23:00:00,A,KM,TOTAL,IT,2017,24483,
ESTAT:RAIL_IF_TRACKS(1.0),30/01/23 23:00:00,A,KM,TOTAL,IT,2018,24502,
ESTAT:RAIL_IF_TRACKS(1.0),30/01/23 23:00:00,A,KM,TOTAL,IT,2019,24500,
ESTAT:RAIL_IF_TRACKS(1.0),30/01/23 23:00:00,A,KM,TOTAL,IT,2020,24515,
ESTAT:RAIL_IF_TRACKS(1.0),30/01/23 23:00:00,A,KM,TOTAL,IT,2021,24564,
ESTAT:RAIL_IF_TRACKS(1.0),30/01/23 23:00:00,A,KM,TOTAL,LT,2012,2188.7,
ESTAT:RAIL_IF_TRACKS(1.0),30/01/23 23:00:00,A,KM,TOTAL,LT,2013,2188.700,
ESTAT:RAIL_IF_TRACKS(1.0),30/01/23 23:00:00,A,KM,TOTAL,LT,2014,2188.500,
ESTAT:RAIL_IF_TRACKS(1.0),30/01/23 23:00:00,A,KM,TOTAL,LT,2015,2335.500,
ESTAT:RAIL_IF_TRACKS(1.0),30/01/23 23:00:00,A,KM,TOTAL,LT,2016,2335.700,
ESTAT:RAIL_IF_TRACKS(1.0),30/01/23 23:00:00,A,KM,TOTAL,LT,2017,2335.700,
ESTAT:RAIL_IF_TRACKS(1.0),30/01/23 23:00:00,A,KM,TOTAL,LT,2018,2335.100,
ESTAT:RAIL_IF_TRACKS(1.0),30/01/23 23:00:00,A,KM,TOTAL,LT,2019,2345.900,
ESTAT:RAIL_IF_TRACKS(1.0),30/01/23 23:00:00,A,KM,TOTAL,LT,2020,2346,
ESTAT:RAIL_IF_TRACKS(1.0),30/01/23 23:00:00,A,KM,TOTAL,LT,2021,2346,
ESTAT:RAIL_IF_TRACKS(1.0),30/01/23 23:00:00,A,KM,TOTAL,LU,2012,621,
ESTAT:RAIL_IF_TRACKS(1.0),30/01/23 23:00:00,A,KM,TOTAL,LU,2013,621,
ESTAT:RAIL_IF_TRACKS(1.0),30/01/23 23:00:00,A,KM,TOTAL,LU,2014,621,
ESTAT:RAIL_IF_TRACKS(1.0),30/01/23 23:00:00,A,KM,TOTAL,LU,2015,626,
ESTAT:RAIL_IF_TRACKS(1.0),30/01/23 23:00:00,A,KM,TOTAL,LU,2016,626,
ESTAT:RAIL_IF_TRACKS(1.0),30/01/23 23:00:00,A,KM,TOTAL,LU,2017,622,
ESTAT:RAIL_IF_TRACKS(1.0),30/01/23 23:00:00,A,KM,TOTAL,LU,2018,622,
ESTAT:RAIL_IF_TRACKS(1.0),30/01/23 23:00:00,A,KM,TOTAL,LU,2019,628,
ESTAT:RAIL_IF_TRACKS(1.0),30/01/23 23:00:00,A,KM,TOTAL,LU,2020,628,
ESTAT:RAIL_IF_TRACKS(1.0),30/01/23 23:00:00,A,KM,TOTAL,LU,2021,628,
ESTAT:RAIL_IF_TRACKS(1.0),30/01/23 23:00:00,A,KM,TOTAL,LV,2012,2161,
ESTAT:RAIL_IF_TRACKS(1.0),30/01/23 23:00:00,A,KM,TOTAL,LV,2013,2161,
ESTAT:RAIL_IF_TRACKS(1.0),30/01/23 23:00:00,A,KM,TOTAL,LV,2014,2214,
ESTAT:RAIL_IF_TRACKS(1.0),30/01/23 23:00:00,A,KM,TOTAL,LV,2015,2217,
ESTAT:RAIL_IF_TRACKS(1.0),30/01/23 23:00:00,A,KM,TOTAL,LV,2016,2217,
ESTAT:RAIL_IF_TRACKS(1.0),30/01/23 23:00:00,A,KM,TOTAL,LV,2017,2217,
ESTAT:RAIL_IF_TRACKS(1.0),30/01/23 23:00:00,A,KM,TOTAL,LV,2018,2217,
ESTAT:RAIL_IF_TRACKS(1.0),30/01/23 23:00:00,A,KM,TOTAL,LV,2019,2217,
ESTAT:RAIL_IF_TRACKS(1.0),30/01/23 23:00:00,A,KM,TOTAL,LV,2020,2216.100,
ESTAT:RAIL_IF_TRACKS(1.0),30/01/23 23:00:00,A,KM,TOTAL,LV,2021,2213.100,
ESTAT:RAIL_IF_TRACKS(1.0),30/01/23 23:00:00,A,KM,TOTAL,ME,2016,328,
ESTAT:RAIL_IF_TRACKS(1.0),30/01/23 23:00:00,A,KM,TOTAL,ME,2017,328,
ESTAT:RAIL_IF_TRACKS(1.0),30/01/23 23:00:00,A,KM,TOTAL,ME,2018,328,
ESTAT:RAIL_IF_TRACKS(1.0),30/01/23 23:00:00,A,KM,TOTAL,ME,2019,328,
ESTAT:RAIL_IF_TRACKS(1.0),30/01/23 23:00:00,A,KM,TOTAL,ME,2020,327.700,
ESTAT:RAIL_IF_TRACKS(1.0),30/01/23 23:00:00,A,KM,TOTAL,ME,2021,327.700,
ESTAT:RAIL_IF_TRACKS(1.0),30/01/23 23:00:00,A,KM,TOTAL,MK,2012,924,
ESTAT:RAIL_IF_TRACKS(1.0),30/01/23 23:00:00,A,KM,TOTAL,MK,2013,699,
ESTAT:RAIL_IF_TRACKS(1.0),30/01/23 23:00:00,A,KM,TOTAL,MK,2014,699,
ESTAT:RAIL_IF_TRACKS(1.0),30/01/23 23:00:00,A,KM,TOTAL,MK,2015,699,
ESTAT:RAIL_IF_TRACKS(1.0),30/01/23 23:00:00,A,KM,TOTAL,MK,2016,683,
ESTAT:RAIL_IF_TRACKS(1.0),30/01/23 23:00:00,A,KM,TOTAL,MK,2017,683,
ESTAT:RAIL_IF_TRACKS(1.0),30/01/23 23:00:00,A,KM,TOTAL,MK,2018,683,
ESTAT:RAIL_IF_TRACKS(1.0),30/01/23 23:00:00,A,KM,TOTAL,MK,2019,683,
ESTAT:RAIL_IF_TRACKS(1.0),30/01/23 23:00:00,A,KM,TOTAL,MK,2020,683,
ESTAT:RAIL_IF_TRACKS(1.0),30/01/23 23:00:00,A,KM,TOTAL,MK,2021,683,
ESTAT:RAIL_IF_TRACKS(1.0),30/01/23 23:00:00,A,KM,TOTAL,NL,2016,3058,
ESTAT:RAIL_IF_TRACKS(1.0),30/01/23 23:00:00,A,KM,TOTAL,NL,2017,3055,
ESTAT:RAIL_IF_TRACKS(1.0),30/01/23 23:00:00,A,KM,TOTAL,NL,2018,3040,
ESTAT:RAIL_IF_TRACKS(1.0),30/01/23 23:00:00,A,KM,TOTAL,NL,2019,3040,
ESTAT:RAIL_IF_TRACKS(1.0),30/01/23 23:00:00,A,KM,TOTAL,NL,2020,3041,
ESTAT:RAIL_IF_TRACKS(1.0),30/01/23 23:00:00,A,KM,TOTAL,NL,2021,3041,
ESTAT:RAIL_IF_TRACKS(1.0),30/01/23 23:00:00,A,KM,TOTAL,NO,2012,4136,
ESTAT:RAIL_IF_TRACKS(1.0),30/01/23 23:00:00,A,KM,TOTAL,NO,2013,4143,
ESTAT:RAIL_IF_TRACKS(1.0),30/01/23 23:00:00,A,KM,TOTAL,NO,2014,4152,
ESTAT:RAIL_IF_TRACKS(1.0),30/01/23 23:00:00,A,KM,TOTAL,NO,2015,4152,
ESTAT:RAIL_IF_TRACKS(1.0),30/01/23 23:00:00,A,KM,TOTAL,NO,2016,4164,
ESTAT:RAIL_IF_TRACKS(1.0),30/01/23 23:00:00,A,KM,TOTAL,NO,2017,4208,
ESTAT:RAIL_IF_TRACKS(1.0),30/01/23 23:00:00,A,KM,TOTAL,NO,2018,4177,
ESTAT:RAIL_IF_TRACKS(1.0),30/01/23 23:00:00,A,KM,TOTAL,NO,2019,4180,
ESTAT:RAIL_IF_TRACKS(1.0),30/01/23 23:00:00,A,KM,TOTAL,NO,2020,4196,
ESTAT:RAIL_IF_TRACKS(1.0),30/01/23 23:00:00,A,KM,TOTAL,NO,2021,4196,
ESTAT:RAIL_IF_TRACKS(1.0),30/01/23 23:00:00,A,KM,TOTAL,PL,2012,37642,
ESTAT:RAIL_IF_TRACKS(1.0),30/01/23 23:00:00,A,KM,TOTAL,PL,2013,36939,
ESTAT:RAIL_IF_TRACKS(1.0),30/01/23 23:00:00,A,KM,TOTAL,PL,2014,37455,
ESTAT:RAIL_IF_TRACKS(1.0),30/01/23 23:00:00,A,KM,TOTAL,PL,2015,37572,
ESTAT:RAIL_IF_TRACKS(1.0),30/01/23 23:00:00,A,KM,TOTAL,PL,2016,37386,
ESTAT:RAIL_IF_TRACKS(1.0),30/01/23 23:00:00,A,KM,TOTAL,PL,2017,37195,
ESTAT:RAIL_IF_TRACKS(1.0),30/01/23 23:00:00,A,KM,TOTAL,PL,2018,37020,b
ESTAT:RAIL_IF_TRACKS(1.0),30/01/23 23:00:00,A,KM,TOTAL,PL,2019,37250,
ESTAT:RAIL_IF_TRACKS(1.0),30/01/23 23:00:00,A,KM,TOTAL,PL,2020,37269,
ESTAT:RAIL_IF_TRACKS(1.0),30/01/23 23:00:00,A,KM,TOTAL,PL,2021,37474,
ESTAT:RAIL_IF_TRACKS(1.0),30/01/23 23:00:00,A,KM,TOTAL,PT,2012,3239.1,
ESTAT:RAIL_IF_TRACKS(1.0),30/01/23 23:00:00,A,KM,TOTAL,PT,2013,3242.200,
ESTAT:RAIL_IF_TRACKS(1.0),30/01/23 23:00:00,A,KM,TOTAL,PT,2014,3244.100,
ESTAT:RAIL_IF_TRACKS(1.0),30/01/23 23:00:00,A,KM,TOTAL,PT,2015,3244.100,
ESTAT:RAIL_IF_TRACKS(1.0),30/01/23 23:00:00,A,KM,TOTAL,PT,2016,3244.100,
ESTAT:RAIL_IF_TRACKS(1.0),30/01/23 23:00:00,A,KM,TOTAL,PT,2017,3244.100,
ESTAT:RAIL_IF_TRACKS(1.0),30/01/23 23:00:00,A,KM,TOTAL,PT,2018,3244.100,
ESTAT:RAIL_IF_TRACKS(1.0),30/01/23 23:00:00,A,KM,TOTAL,PT,2019,3224.190,
ESTAT:RAIL_IF_TRACKS(1.0),30/01/23 23:00:00,A,KM,TOTAL,PT,2020,3224.190,
ESTAT:RAIL_IF_TRACKS(1.0),30/01/23 23:00:00,A,KM,TOTAL,PT,2021,3225.111,
ESTAT:RAIL_IF_TRACKS(1.0),30/01/23 23:00:00,A,KM,TOTAL,RO,2012,20077,
ESTAT:RAIL_IF_TRACKS(1.0),30/01/23 23:00:00,A,KM,TOTAL,RO,2013,20284,
ESTAT:RAIL_IF_TRACKS(1.0),30/01/23 23:00:00,A,KM,TOTAL,RO,2014,20241,
ESTAT:RAIL_IF_TRACKS(1.0),30/01/23 23:00:00,A,KM,TOTAL,RO,2015,20155,
ESTAT:RAIL_IF_TRACKS(1.0),30/01/23 23:00:00,A,KM,TOTAL,RO,2016,20157,
ESTAT:RAIL_IF_TRACKS(1.0),30/01/23 23:00:00,A,KM,TOTAL,RO,2017,20144,
ESTAT:RAIL_IF_TRACKS(1.0),30/01/23 23:00:00,A,KM,TOTAL,RO,2018,20104,
ESTAT:RAIL_IF_TRACKS(1.0),30/01/23 23:00:00,A,KM,TOTAL,RO,2019,20079,
ESTAT:RAIL_IF_TRACKS(1.0),30/01/23 23:00:00,A,KM,TOTAL,RO,2020,20071,
ESTAT:RAIL_IF_TRACKS(1.0),30/01/23 23:00:00,A,KM,TOTAL,RO,2021,20065,
ESTAT:RAIL_IF_TRACKS(1.0),30/01/23 23:00:00,A,KM,TOTAL,RS,2013,5541,
ESTAT:RAIL_IF_TRACKS(1.0),30/01/23 23:00:00,A,KM,TOTAL,RS,2014,5477,
ESTAT:RAIL_IF_TRACKS(1.0),30/01/23 23:00:00,A,KM,TOTAL,RS,2015,5392,
ESTAT:RAIL_IF_TRACKS(1.0),30/01/23 23:00:00,A,KM,TOTAL,RS,2016,5392,
ESTAT:RAIL_IF_TRACKS(1.0),30/01/23 23:00:00,A,KM,TOTAL,RS,2017,5374,
ESTAT:RAIL_IF_TRACKS(1.0),30/01/23 23:00:00,A,KM,TOTAL,RS,2019,5331,
ESTAT:RAIL_IF_TRACKS(1.0),30/01/23 23:00:00,A,KM,TOTAL,RS,2020,4928,
ESTAT:RAIL_IF_TRACKS(1.0),30/01/23 23:00:00,A,KM,TOTAL,SE,2012,15633,
ESTAT:RAIL_IF_TRACKS(1.0),30/01/23 23:00:00,A,KM,TOTAL,SE,2013,15468,
ESTAT:RAIL_IF_TRACKS(1.0),30/01/23 23:00:00,A,KM,TOTAL,SE,2014,15370,
ESTAT:RAIL_IF_TRACKS(1.0),30/01/23 23:00:00,A,KM,TOTAL,SE,2015,15424,
ESTAT:RAIL_IF_TRACKS(1.0),30/01/23 23:00:00,A,KM,TOTAL,SE,2016,15459,
ESTAT:RAIL_IF_TRACKS(1.0),30/01/23 23:00:00,A,KM,TOTAL,SE,2017,15568,
ESTAT:RAIL_IF_TRACKS(1.0),30/01/23 23:00:00,A,KM,TOTAL,SE,2018,15571,
ESTAT:RAIL_IF_TRACKS(1.0),30/01/23 23:00:00,A,KM,TOTAL,SE,2019,15542,
ESTAT:RAIL_IF_TRACKS(1.0),30/01/23 23:00:00,A,KM,TOTAL,SE,2020,15557,
ESTAT:RAIL_IF_TRACKS(1.0),30/01/23 23:00:00,A,KM,TOTAL,SE,2021,15543,
ESTAT:RAIL_IF_TRACKS(1.0),30/01/23 23:00:00,A,KM,TOTAL,SI,2012,2177,
ESTAT:RAIL_IF_TRACKS(1.0),30/01/23 23:00:00,A,KM,TOTAL,SI,2013,2178,
ESTAT:RAIL_IF_TRACKS(1.0),30/01/23 23:00:00,A,KM,TOTAL,SI,2014,2178,
ESTAT:RAIL_IF_TRACKS(1.0),30/01/23 23:00:00,A,KM,TOTAL,SI,2015,2178,
ESTAT:RAIL_IF_TRACKS(1.0),30/01/23 23:00:00,A,KM,TOTAL,SI,2016,2178,
ESTAT:RAIL_IF_TRACKS(1.0),30/01/23 23:00:00,A,KM,TOTAL,SI,2017,2178,
ESTAT:RAIL_IF_TRACKS(1.0),30/01/23 23:00:00,A,KM,TOTAL,SI,2018,2178,
ESTAT:RAIL_IF_TRACKS(1.0),30/01/23 23:00:00,A,KM,TOTAL,SI,2019,2178,
ESTAT:RAIL_IF_TRACKS(1.0),30/01/23 23:00:00,A,KM,TOTAL,SI,2020,2178,
ESTAT:RAIL_IF_TRACKS(1.0),30/01/23 23:00:00,A,KM,TOTAL,SI,2021,2178,
ESTAT:RAIL_IF_TRACKS(1.0),30/01/23 23:00:00,A,KM,TOTAL,SK,2012,3631,
ESTAT:RAIL_IF_TRACKS(1.0),30/01/23 23:00:00,A,KM,TOTAL,TR,2012,11536,
ESTAT:RAIL_IF_TRACKS(1.0),30/01/23 23:00:00,A,KM,TOTAL,TR,2013,11617,
ESTAT:RAIL_IF_TRACKS(1.0),30/01/23 23:00:00,A,KM,TOTAL,TR,2014,12053,
ESTAT:RAIL_IF_TRACKS(1.0),30/01/23 23:00:00,A,KM,TOTAL,TR,2015,12099,
ESTAT:RAIL_IF_TRACKS(1.0),30/01/23 23:00:00,A,KM,TOTAL,TR,2016,12099,
ESTAT:RAIL_IF_TRACKS(1.0),30/01/23 23:00:00,A,KM,TOTAL,TR,2017,12175,
ESTAT:RAIL_IF_TRACKS(1.0),30/01/23 23:00:00,A,KM,TOTAL,TR,2018,12307,
ESTAT:RAIL_IF_TRACKS(1.0),30/01/23 23:00:00,A,KM,TOTAL,TR,2019,12370,
ESTAT:RAIL_IF_TRACKS(1.0),30/01/23 23:00:00,A,KM,TOTAL,UK,2012,31764,
ESTAT:RAIL_IF_TRACKS(1.0),30/01/23 23:00:00,A,KM,TOTAL,UK,2013,31781,
ESTAT:RAIL_IF_TRACKS(1.0),30/01/23 23:00:00,A,KM,TOTAL,UK,2014,31809,
ESTAT:RAIL_IF_TRACKS(1.0),30/01/23 23:00:00,A,KM,TOTAL,UK,2015,31883,
ESTAT:RAIL_IF_TRACKS(1.0),30/01/23 23:00:00,A,KM,TOTAL,UK,2016,31910,
ESTAT:RAIL_IF_TRACKS(1.0),30/01/23 23:00:00,A,KM,TOTAL,UK,2017,31727,
ESTAT:RAIL_IF_TRACKS(1.0),30/01/23 23:00:00,A,KM,TOTAL,UK,2018,31780,
ESTAT:RAIL_IF_TRACKS(1.0),30/01/23 23:00:00,A,KM,TOTAL,UK,2019,31907,
ESTAT:RAIL_IF_TRACKS(1.0),30/01/23 23:00:00,A,KM,TOTAL,UK,2020,31940,
ESTAT:RAIL_IF_TRACKS(1.0),30/01/23 23:00:00,A,KM,TOTAL,UK,2021,31898,
ESTAT:RAIL_IF_TRACKS(1.0),30/01/23 23:00:00,A,KM,TOTAL,XK,2017,440,
ESTAT:RAIL_IF_TRACKS(1.0),30/01/23 23:00:00,A,KM,TOTAL,XK,2018,440,
ESTAT:RAIL_IF_TRACKS(1.0),30/01/23 23:00:00,A,KM,TOTAL,XK,2019,440,
